date_time,maxtempC,mintempC,totalSnow_cm,sunHour,uvIndex,uvIndex,moon_illumination,moonrise,moonset,sunrise,sunset,DewPointC,FeelsLikeC,HeatIndexC,WindChillC,WindGustKmph,cloudcover,humidity,precipMM,pressure,tempC,visibility,winddirDegree,windspeedKmph
2019-08-20 00:00:00,24,8,0.0,13.3,4,0,64,09:58 PM,10:17 AM,05:33 AM,07:08 PM,8,11,12,11,6,100,97,0.0,1015,11,0,17,3
2019-08-20 03:00:00,24,8,0.0,13.3,4,0,64,09:58 PM,10:17 AM,05:33 AM,07:08 PM,9,9,9,9,3,71,97,0.0,1015,9,3,40,1
2019-08-20 06:00:00,24,8,0.0,13.3,4,0,64,09:58 PM,10:17 AM,05:33 AM,07:08 PM,11,12,12,12,1,15,95,0.0,1016,12,10,131,1
2019-08-20 09:00:00,24,8,0.0,13.3,4,5,64,09:58 PM,10:17 AM,05:33 AM,07:08 PM,13,17,18,17,3,14,78,0.0,1016,17,10,334,3
2019-08-20 12:00:00,24,8,0.0,13.3,4,6,64,09:58 PM,10:17 AM,05:33 AM,07:08 PM,13,25,25,23,10,1,52,0.0,1016,23,10,305,9
2019-08-20 15:00:00,24,8,0.0,13.3,4,5,64,09:58 PM,10:17 AM,05:33 AM,07:08 PM,12,22,23,22,14,36,55,0.0,1016,22,10,308,12
2019-08-20 18:00:00,24,8,0.0,13.3,4,0,64,09:58 PM,10:17 AM,05:33 AM,07:08 PM,11,17,18,17,13,66,71,0.0,1016,17,10,327,9
2019-08-20 21:00:00,24,8,0.0,13.3,4,0,64,09:58 PM,10:17 AM,05:33 AM,07:08 PM,9,15,17,15,11,1,90,0.0,1017,15,10,268,5
2019-08-21 00:00:00,27,10,0.0,13.7,6,0,57,10:26 PM,11:17 AM,05:34 AM,07:07 PM,8,12,15,12,10,4,88,0.0,1018,12,10,81,5
2019-08-21 03:00:00,27,10,0.0,13.7,6,0,57,10:26 PM,11:17 AM,05:34 AM,07:07 PM,8,10,10,10,9,7,83,0.0,1017,10,10,46,4
2019-08-21 06:00:00,27,10,0.0,13.7,6,0,57,10:26 PM,11:17 AM,05:34 AM,07:07 PM,8,13,13,13,8,24,74,0.0,1017,13,10,60,4
2019-08-21 09:00:00,27,10,0.0,13.7,6,6,57,10:26 PM,11:17 AM,05:34 AM,07:07 PM,9,20,20,20,7,38,50,0.0,1017,20,10,171,5
2019-08-21 12:00:00,27,10,0.0,13.7,6,6,57,10:26 PM,11:17 AM,05:34 AM,07:07 PM,12,26,26,26,12,42,42,0.0,1016,26,10,326,10
2019-08-21 15:00:00,27,10,0.0,13.7,6,7,57,10:26 PM,11:17 AM,05:34 AM,07:07 PM,15,26,26,25,15,52,52,0.0,1015,25,10,325,13
2019-08-21 18:00:00,27,10,0.0,13.7,6,0,57,10:26 PM,11:17 AM,05:34 AM,07:07 PM,14,21,24,21,15,51,71,0.0,1014,21,7,329,10
2019-08-21 21:00:00,27,10,0.0,13.7,6,0,57,10:26 PM,11:17 AM,05:34 AM,07:07 PM,15,17,19,17,14,100,96,0.1,1015,17,1,331,6
2019-08-22 00:00:00,23,11,0.0,12.1,4,0,49,10:57 PM,12:18 PM,05:35 AM,07:05 PM,14,14,14,14,13,100,99,0.0,1015,14,0,350,6
2019-08-22 03:00:00,23,11,0.0,12.1,4,0,49,10:57 PM,12:18 PM,05:35 AM,07:05 PM,14,14,14,14,16,100,98,0.0,1014,14,0,343,8
2019-08-22 06:00:00,23,11,0.0,12.1,4,0,49,10:57 PM,12:18 PM,05:35 AM,07:05 PM,15,15,15,15,13,100,98,0.0,1013,15,0,342,9
2019-08-22 09:00:00,23,11,0.0,12.1,4,4,49,10:57 PM,12:18 PM,05:35 AM,07:05 PM,16,17,17,17,12,92,93,0.0,1013,17,3,339,9
2019-08-22 12:00:00,23,11,0.0,12.1,4,5,49,10:57 PM,12:18 PM,05:35 AM,07:05 PM,16,20,21,20,15,51,78,0.0,1012,20,10,331,13
2019-08-22 15:00:00,23,11,0.0,12.1,4,6,49,10:57 PM,12:18 PM,05:35 AM,07:05 PM,13,21,22,21,21,0,62,0.0,1010,21,10,331,17
2019-08-22 18:00:00,23,11,0.0,12.1,4,0,49,10:57 PM,12:18 PM,05:35 AM,07:05 PM,10,16,17,16,22,3,71,0.0,1009,16,10,338,13
2019-08-22 21:00:00,23,11,0.0,12.1,4,0,49,10:57 PM,12:18 PM,05:35 AM,07:05 PM,10,13,16,13,14,6,92,0.0,1009,13,7,228,7
2019-08-23 00:00:00,28,13,0.0,13.7,6,0,42,11:34 PM,01:21 PM,05:36 AM,07:04 PM,10,12,11,12,6,0,94,0.0,1009,11,5,1,3
2019-08-23 03:00:00,28,13,0.0,13.7,6,0,42,11:34 PM,01:21 PM,05:36 AM,07:04 PM,11,13,13,13,4,0,88,0.0,1009,13,10,16,2
2019-08-23 06:00:00,28,13,0.0,13.7,6,0,42,11:34 PM,01:21 PM,05:36 AM,07:04 PM,12,15,15,15,6,0,81,0.0,1009,15,10,150,3
2019-08-23 09:00:00,28,13,0.0,13.7,6,5,42,11:34 PM,01:21 PM,05:36 AM,07:04 PM,12,20,20,20,10,0,64,0.0,1009,20,10,347,7
2019-08-23 12:00:00,28,13,0.0,13.7,6,7,42,11:34 PM,01:21 PM,05:36 AM,07:04 PM,12,27,27,26,14,0,41,0.0,1009,26,10,323,12
2019-08-23 15:00:00,28,13,0.0,13.7,6,7,42,11:34 PM,01:21 PM,05:36 AM,07:04 PM,11,25,25,25,17,0,41,0.0,1009,25,10,324,14
2019-08-23 18:00:00,28,13,0.0,13.7,6,0,42,11:34 PM,01:21 PM,05:36 AM,07:04 PM,9,19,21,19,19,0,59,0.0,1009,19,10,335,12
2019-08-23 21:00:00,28,13,0.0,13.7,6,0,42,11:34 PM,01:21 PM,05:36 AM,07:04 PM,9,17,21,17,14,0,81,0.0,1011,17,10,230,6
2019-08-24 00:00:00,25,10,0.0,13.7,5,0,35,No moonrise,02:24 PM,05:37 AM,07:02 PM,9,14,16,14,8,0,91,0.0,1011,14,7,6,4
2019-08-24 03:00:00,25,10,0.0,13.7,5,0,35,No moonrise,02:24 PM,05:37 AM,07:02 PM,9,10,10,10,6,0,92,0.0,1012,10,5,49,3
2019-08-24 06:00:00,25,10,0.0,13.7,5,0,35,No moonrise,02:24 PM,05:37 AM,07:02 PM,10,14,14,14,3,0,79,0.0,1012,14,10,131,1
2019-08-24 09:00:00,25,10,0.0,13.7,5,6,35,No moonrise,02:24 PM,05:37 AM,07:02 PM,12,20,21,20,4,0,58,0.0,1013,20,10,182,3
2019-08-24 12:00:00,25,10,0.0,13.7,5,6,35,No moonrise,02:24 PM,05:37 AM,07:02 PM,12,25,25,25,11,0,46,0.0,1014,25,10,310,10
2019-08-24 15:00:00,25,10,0.0,13.7,5,6,35,No moonrise,02:24 PM,05:37 AM,07:02 PM,12,25,25,24,17,0,46,0.0,1013,24,10,315,13
2019-08-24 18:00:00,25,10,0.0,13.7,5,0,35,No moonrise,02:24 PM,05:37 AM,07:02 PM,8,20,23,20,18,0,55,0.0,1014,20,10,334,11
2019-08-24 21:00:00,25,10,0.0,13.7,5,0,35,No moonrise,02:24 PM,05:37 AM,07:02 PM,8,18,20,18,14,0,79,0.0,1015,18,10,242,7
2019-08-25 00:00:00,26,11,0.0,13.6,6,0,28,12:17 AM,03:28 PM,05:38 AM,07:01 PM,9,14,16,14,10,0,91,0.0,1016,14,10,21,5
2019-08-25 03:00:00,26,11,0.0,13.6,6,0,28,12:17 AM,03:28 PM,05:38 AM,07:01 PM,10,12,12,12,9,0,92,0.0,1016,12,10,13,4
2019-08-25 06:00:00,26,11,0.0,13.6,6,0,28,12:17 AM,03:28 PM,05:38 AM,07:01 PM,12,14,14,14,6,0,87,0.0,1016,14,10,49,3
2019-08-25 09:00:00,26,11,0.0,13.6,6,6,28,12:17 AM,03:28 PM,05:38 AM,07:01 PM,13,20,20,20,6,0,65,0.0,1016,20,10,174,5
2019-08-25 12:00:00,26,11,0.0,13.6,6,7,28,12:17 AM,03:28 PM,05:38 AM,07:01 PM,11,26,26,25,12,0,40,0.0,1016,25,10,330,10
2019-08-25 15:00:00,26,11,0.0,13.6,6,6,28,12:17 AM,03:28 PM,05:38 AM,07:01 PM,9,23,23,23,18,0,41,0.0,1014,23,10,328,13
2019-08-25 18:00:00,26,11,0.0,13.6,6,0,28,12:17 AM,03:28 PM,05:38 AM,07:01 PM,9,20,21,20,19,0,58,0.0,1014,20,10,340,11
2019-08-25 21:00:00,26,11,0.0,13.6,6,0,28,12:17 AM,03:28 PM,05:38 AM,07:01 PM,9,17,19,17,11,0,78,0.0,1015,16,10,258,5
2019-08-26 00:00:00,31,16,0.0,13.2,7,0,20,01:09 AM,04:28 PM,05:39 AM,06:59 PM,7,15,14,15,8,0,64,0.0,1015,14,10,82,4
2019-08-26 03:00:00,31,16,0.0,13.2,7,0,20,01:09 AM,04:28 PM,05:39 AM,06:59 PM,5,16,16,16,10,0,45,0.0,1014,16,10,109,5
2019-08-26 06:00:00,31,16,0.0,13.2,7,0,20,01:09 AM,04:28 PM,05:39 AM,06:59 PM,5,18,18,18,9,0,40,0.0,1014,18,10,100,4
2019-08-26 09:00:00,31,16,0.0,13.2,7,6,20,01:09 AM,04:28 PM,05:39 AM,06:59 PM,7,24,24,24,6,0,34,0.0,1013,24,10,160,4
2019-08-26 12:00:00,31,16,0.0,13.2,7,8,20,01:09 AM,04:28 PM,05:39 AM,06:59 PM,8,29,29,31,9,0,24,0.0,1012,31,10,301,8
2019-08-26 15:00:00,31,16,0.0,13.2,7,8,20,01:09 AM,04:28 PM,05:39 AM,06:59 PM,9,29,29,30,14,0,27,0.0,1010,30,10,317,12
2019-08-26 18:00:00,31,16,0.0,13.2,7,0,20,01:09 AM,04:28 PM,05:39 AM,06:59 PM,8,27,27,27,12,0,39,0.0,1010,27,10,331,9
2019-08-26 21:00:00,31,16,0.0,13.2,7,0,20,01:09 AM,04:28 PM,05:39 AM,06:59 PM,8,26,26,24,9,0,57,0.0,1010,24,10,274,4
2019-08-27 00:00:00,32,17,0.0,13.2,7,0,13,02:10 AM,05:24 PM,05:40 AM,06:57 PM,9,21,22,21,8,0,58,0.0,1011,21,10,125,4
2019-08-27 03:00:00,32,17,0.0,13.2,7,0,13,02:10 AM,05:24 PM,05:40 AM,06:57 PM,7,17,17,17,9,0,52,0.0,1011,17,10,128,4
2019-08-27 06:00:00,32,17,0.0,13.2,7,0,13,02:10 AM,05:24 PM,05:40 AM,06:57 PM,9,20,20,20,9,0,49,0.0,1010,20,10,143,4
2019-08-27 09:00:00,32,17,0.0,13.2,7,7,13,02:10 AM,05:24 PM,05:40 AM,06:57 PM,10,27,27,26,8,0,39,0.0,1010,26,10,183,5
2019-08-27 12:00:00,32,17,0.0,13.2,7,8,13,02:10 AM,05:24 PM,05:40 AM,06:57 PM,11,31,31,32,8,0,27,0.0,1010,32,10,267,7
2019-08-27 15:00:00,32,17,0.0,13.2,7,7,13,02:10 AM,05:24 PM,05:40 AM,06:57 PM,11,29,29,30,13,0,30,0.0,1009,30,10,290,9
2019-08-27 18:00:00,32,17,0.0,13.2,7,0,13,02:10 AM,05:24 PM,05:40 AM,06:57 PM,9,26,26,25,10,0,45,0.0,1008,25,10,290,6
2019-08-27 21:00:00,32,17,0.0,13.2,7,0,13,02:10 AM,05:24 PM,05:40 AM,06:57 PM,10,26,26,23,5,2,68,0.0,1009,23,10,240,2
2019-08-28 00:00:00,30,14,0.0,13.2,7,0,6,03:19 AM,06:13 PM,05:41 AM,06:56 PM,9,19,22,19,10,6,67,0.0,1011,19,10,148,5
2019-08-28 03:00:00,30,14,0.0,13.2,7,0,6,03:19 AM,06:13 PM,05:41 AM,06:56 PM,8,15,15,15,10,3,61,0.0,1011,15,10,151,5
2019-08-28 06:00:00,30,14,0.0,13.2,7,0,6,03:19 AM,06:13 PM,05:41 AM,06:56 PM,9,18,18,18,10,25,55,0.0,1011,18,10,153,5
2019-08-28 09:00:00,30,14,0.0,13.2,7,5,6,03:19 AM,06:13 PM,05:41 AM,06:56 PM,10,23,23,24,7,72,45,0.1,1012,24,10,176,5
2019-08-28 12:00:00,30,14,0.0,13.2,7,8,6,03:19 AM,06:13 PM,05:41 AM,06:56 PM,11,29,29,30,8,52,31,0.1,1012,30,10,247,7
2019-08-28 15:00:00,30,14,0.0,13.2,7,7,6,03:19 AM,06:13 PM,05:41 AM,06:56 PM,12,28,28,28,12,10,39,0.0,1012,28,10,287,9
2019-08-28 18:00:00,30,14,0.0,13.2,7,0,6,03:19 AM,06:13 PM,05:41 AM,06:56 PM,12,22,24,22,10,31,65,0.6,1013,22,10,300,6
2019-08-28 21:00:00,30,14,0.0,13.2,7,0,6,03:19 AM,06:13 PM,05:41 AM,06:56 PM,14,18,21,18,5,64,98,1.7,1014,18,10,275,2
2019-08-29 00:00:00,24,13,0.0,13.1,5,0,0,04:33 AM,06:55 PM,05:42 AM,06:54 PM,13,15,16,15,4,83,98,1.1,1014,15,7,221,2
2019-08-29 03:00:00,24,13,0.0,13.1,5,0,0,04:33 AM,06:55 PM,05:42 AM,06:54 PM,13,13,13,13,4,100,98,0.0,1015,13,0,221,2
2019-08-29 06:00:00,24,13,0.0,13.1,5,0,0,04:33 AM,06:55 PM,05:42 AM,06:54 PM,14,15,15,15,3,91,97,0.0,1015,15,1,213,2
2019-08-29 09:00:00,24,13,0.0,13.1,5,5,0,04:33 AM,06:55 PM,05:42 AM,06:54 PM,16,19,20,19,3,57,85,0.0,1016,19,5,219,3
2019-08-29 12:00:00,24,13,0.0,13.1,5,6,0,04:33 AM,06:55 PM,05:42 AM,06:54 PM,16,25,25,23,8,20,63,0.0,1016,23,10,275,6
2019-08-29 15:00:00,24,13,0.0,13.1,5,6,0,04:33 AM,06:55 PM,05:42 AM,06:54 PM,14,22,23,22,14,18,64,0.0,1016,22,10,294,10
2019-08-29 18:00:00,24,13,0.0,13.1,5,0,0,04:33 AM,06:55 PM,05:42 AM,06:54 PM,11,15,15,15,14,57,78,0.0,1016,15,10,303,8
2019-08-29 21:00:00,24,13,0.0,13.1,5,0,0,04:33 AM,06:55 PM,05:42 AM,06:54 PM,11,13,13,13,9,82,89,0.0,1017,13,10,327,4
2019-08-30 00:00:00,25,11,0.0,12.0,5,0,0,05:51 AM,07:33 PM,05:43 AM,06:53 PM,11,12,12,12,5,76,92,0.0,1017,12,7,358,2
2019-08-30 03:00:00,25,11,0.0,12.0,5,0,0,05:51 AM,07:33 PM,05:43 AM,06:53 PM,10,11,11,11,5,79,95,0.0,1018,11,2,244,2
2019-08-30 06:00:00,25,11,0.0,12.0,5,0,0,05:51 AM,07:33 PM,05:43 AM,06:53 PM,12,13,13,13,6,69,92,0.0,1018,13,5,12,3
2019-08-30 09:00:00,25,11,0.0,12.0,5,5,0,05:51 AM,07:33 PM,05:43 AM,06:53 PM,15,19,19,19,5,45,79,0.0,1018,19,10,111,5
2019-08-30 12:00:00,25,11,0.0,12.0,5,5,0,05:51 AM,07:33 PM,05:43 AM,06:53 PM,15,25,25,24,12,39,57,0.0,1017,24,10,320,10
2019-08-30 15:00:00,25,11,0.0,12.0,5,6,0,05:51 AM,07:33 PM,05:43 AM,06:53 PM,13,23,23,23,18,77,54,0.0,1016,23,10,320,14
2019-08-30 18:00:00,25,11,0.0,12.0,5,0,0,05:51 AM,07:33 PM,05:43 AM,06:53 PM,10,18,18,18,19,23,66,0.0,1016,18,10,336,11
2019-08-30 21:00:00,25,11,0.0,12.0,5,0,0,05:51 AM,07:33 PM,05:43 AM,06:53 PM,9,15,18,15,14,3,86,0.0,1017,15,10,258,6
2019-08-31 00:00:00,27,9,0.0,13.1,6,0,0,07:07 AM,08:07 PM,05:44 AM,06:51 PM,8,12,14,12,9,0,91,0.0,1017,12,10,54,4
2019-08-31 03:00:00,27,9,0.0,13.1,6,0,0,07:07 AM,08:07 PM,05:44 AM,06:51 PM,8,10,10,10,7,0,86,0.0,1016,10,10,36,4
2019-08-31 06:00:00,27,9,0.0,13.1,6,0,0,07:07 AM,08:07 PM,05:44 AM,06:51 PM,8,12,12,12,7,0,79,0.0,1016,12,10,42,4
2019-08-31 09:00:00,27,9,0.0,13.1,6,6,0,07:07 AM,08:07 PM,05:44 AM,06:51 PM,11,20,20,20,6,0,55,0.0,1016,20,10,150,5
2019-08-31 12:00:00,27,9,0.0,13.1,6,7,0,07:07 AM,08:07 PM,05:44 AM,06:51 PM,10,26,26,26,12,0,36,0.0,1015,26,10,322,11
2019-08-31 15:00:00,27,9,0.0,13.1,6,7,0,07:07 AM,08:07 PM,05:44 AM,06:51 PM,11,26,26,25,17,0,42,0.0,1014,25,10,325,13
2019-08-31 18:00:00,27,9,0.0,13.1,6,0,0,07:07 AM,08:07 PM,05:44 AM,06:51 PM,11,21,23,21,18,2,60,0.0,1014,21,10,337,10
2019-08-31 21:00:00,27,9,0.0,13.1,6,0,0,07:07 AM,08:07 PM,05:44 AM,06:51 PM,11,18,21,18,12,5,88,0.0,1015,18,7,248,6
2019-09-01 00:00:00,25,12,0.0,13.0,1,1,9,08:22 AM,08:40 PM,05:45 AM,06:49 PM,11,15,18,15,8,9,95,0.0,1016,15,2,44,4
2019-09-01 03:00:00,25,12,0.0,13.0,1,1,9,08:22 AM,08:40 PM,05:45 AM,06:49 PM,12,13,13,13,8,19,96,0.0,1016,13,2,45,4
2019-09-01 06:00:00,25,12,0.0,13.0,1,1,9,08:22 AM,08:40 PM,05:45 AM,06:49 PM,14,15,15,15,7,29,95,0.0,1015,15,5,38,4
2019-09-01 09:00:00,25,12,0.0,13.0,1,1,9,08:22 AM,08:40 PM,05:45 AM,06:49 PM,16,20,20,20,7,20,80,0.0,1016,20,10,113,6
2019-09-01 12:00:00,25,12,0.0,13.0,1,1,9,08:22 AM,08:40 PM,05:45 AM,06:49 PM,16,26,26,25,13,17,57,0.0,1015,25,10,328,11
2019-09-01 15:00:00,25,12,0.0,13.0,1,1,9,08:22 AM,08:40 PM,05:45 AM,06:49 PM,14,24,24,24,17,46,54,0.0,1015,24,10,329,14
2019-09-01 18:00:00,25,12,0.0,13.0,1,1,9,08:22 AM,08:40 PM,05:45 AM,06:49 PM,10,19,19,19,17,32,65,0.0,1014,19,10,340,10
2019-09-01 21:00:00,25,12,0.0,13.0,1,1,9,08:22 AM,08:40 PM,05:45 AM,06:49 PM,11,15,17,15,13,39,93,0.0,1016,15,7,243,6
2019-09-02 00:00:00,24,10,0.0,13.0,1,1,16,09:36 AM,09:12 PM,05:46 AM,06:48 PM,10,12,13,12,8,69,97,0.0,1016,12,1,30,4
2019-09-02 03:00:00,24,10,0.0,13.0,1,1,16,09:36 AM,09:12 PM,05:46 AM,06:48 PM,10,10,10,10,9,5,96,0.0,1016,10,2,26,4
2019-09-02 06:00:00,24,10,0.0,13.0,1,1,16,09:36 AM,09:12 PM,05:46 AM,06:48 PM,11,12,12,12,8,1,92,0.0,1016,12,5,22,4
2019-09-02 09:00:00,24,10,0.0,13.0,1,1,16,09:36 AM,09:12 PM,05:46 AM,06:48 PM,13,19,19,19,7,0,73,0.0,1016,19,10,126,6
2019-09-02 12:00:00,24,10,0.0,13.0,1,1,16,09:36 AM,09:12 PM,05:46 AM,06:48 PM,13,25,25,24,13,0,50,0.0,1016,24,10,323,11
2019-09-02 15:00:00,24,10,0.0,13.0,1,1,16,09:36 AM,09:12 PM,05:46 AM,06:48 PM,12,23,23,22,18,0,52,0.0,1015,22,10,328,14
2019-09-02 18:00:00,24,10,0.0,13.0,1,1,16,09:36 AM,09:12 PM,05:46 AM,06:48 PM,10,18,20,18,20,13,68,0.0,1015,18,7,340,11
2019-09-02 21:00:00,24,10,0.0,13.0,1,1,16,09:36 AM,09:12 PM,05:46 AM,06:48 PM,10,16,20,16,14,60,97,0.0,1016,16,1,236,6
2019-09-03 00:00:00,24,9,0.0,13.0,1,1,24,10:47 AM,09:46 PM,05:47 AM,06:46 PM,9,13,15,13,9,71,98,0.0,1017,13,1,14,5
2019-09-03 03:00:00,24,9,0.0,13.0,1,1,24,10:47 AM,09:46 PM,05:47 AM,06:46 PM,9,10,10,10,8,17,95,0.0,1017,10,5,25,4
2019-09-03 06:00:00,24,9,0.0,13.0,1,1,24,10:47 AM,09:46 PM,05:47 AM,06:46 PM,10,11,11,11,8,21,91,0.0,1017,11,10,26,4
2019-09-03 09:00:00,24,9,0.0,13.0,1,1,24,10:47 AM,09:46 PM,05:47 AM,06:46 PM,13,18,18,18,8,17,75,0.0,1017,18,10,121,6
2019-09-03 12:00:00,24,9,0.0,13.0,1,1,24,10:47 AM,09:46 PM,05:47 AM,06:46 PM,13,25,25,23,14,46,52,0.0,1017,23,10,322,12
2019-09-03 15:00:00,24,9,0.0,13.0,1,1,24,10:47 AM,09:46 PM,05:47 AM,06:46 PM,12,22,23,22,18,69,53,0.0,1016,22,10,330,14
2019-09-03 18:00:00,24,9,0.0,13.0,1,1,24,10:47 AM,09:46 PM,05:47 AM,06:46 PM,10,17,18,17,20,11,72,0.0,1015,17,7,343,11
2019-09-03 21:00:00,24,9,0.0,13.0,1,1,24,10:47 AM,09:46 PM,05:47 AM,06:46 PM,10,15,17,15,13,45,97,0.0,1016,15,1,244,6
2019-09-04 00:00:00,26,8,0.0,13.0,1,1,32,11:56 AM,10:21 PM,05:48 AM,06:45 PM,8,12,13,12,11,71,98,0.0,1016,12,1,22,5
2019-09-04 03:00:00,26,8,0.0,13.0,1,1,32,11:56 AM,10:21 PM,05:48 AM,06:45 PM,8,8,8,8,10,17,97,0.0,1015,8,2,14,5
2019-09-04 06:00:00,26,8,0.0,13.0,1,1,32,11:56 AM,10:21 PM,05:48 AM,06:45 PM,10,11,11,11,8,19,95,0.0,1014,11,5,124,4
2019-09-04 09:00:00,26,8,0.0,13.0,1,1,32,11:56 AM,10:21 PM,05:48 AM,06:45 PM,13,18,18,18,6,3,78,0.0,1014,18,10,346,5
2019-09-04 12:00:00,26,8,0.0,13.0,1,1,32,11:56 AM,10:21 PM,05:48 AM,06:45 PM,13,25,25,24,11,3,50,0.0,1014,24,10,323,10
2019-09-04 15:00:00,26,8,0.0,13.0,1,1,32,11:56 AM,10:21 PM,05:48 AM,06:45 PM,12,24,24,24,16,4,50,0.0,1012,24,10,319,12
2019-09-04 18:00:00,26,8,0.0,13.0,1,1,32,11:56 AM,10:21 PM,05:48 AM,06:45 PM,10,18,18,18,18,5,69,0.0,1012,18,10,329,10
2019-09-04 21:00:00,26,8,0.0,13.0,1,1,32,11:56 AM,10:21 PM,05:48 AM,06:45 PM,10,15,17,15,12,1,94,0.0,1013,15,7,234,6
2019-09-05 00:00:00,24,10,0.0,12.9,1,1,39,01:03 PM,11:01 PM,05:49 AM,06:43 PM,10,12,15,12,6,3,96,0.0,1013,12,5,22,3
2019-09-05 03:00:00,24,10,0.0,12.9,1,1,39,01:03 PM,11:01 PM,05:49 AM,06:43 PM,10,11,11,11,4,2,94,0.0,1013,11,10,113,2
2019-09-05 06:00:00,24,10,0.0,12.9,1,1,39,01:03 PM,11:01 PM,05:49 AM,06:43 PM,12,14,14,14,4,2,92,0.0,1014,14,10,260,2
2019-09-05 09:00:00,24,10,0.0,12.9,1,1,39,01:03 PM,11:01 PM,05:49 AM,06:43 PM,14,18,19,18,4,4,79,0.0,1015,18,10,243,3
2019-09-05 12:00:00,24,10,0.0,12.9,1,1,39,01:03 PM,11:01 PM,05:49 AM,06:43 PM,14,25,25,23,10,1,57,0.0,1015,23,10,289,9
2019-09-05 15:00:00,24,10,0.0,12.9,1,1,39,01:03 PM,11:01 PM,05:49 AM,06:43 PM,13,22,23,22,16,5,59,0.0,1015,22,10,300,12
2019-09-05 18:00:00,24,10,0.0,12.9,1,1,39,01:03 PM,11:01 PM,05:49 AM,06:43 PM,11,17,17,17,14,23,77,0.0,1015,17,7,308,8
2019-09-05 21:00:00,24,10,0.0,12.9,1,1,39,01:03 PM,11:01 PM,05:49 AM,06:43 PM,11,14,15,14,7,44,96,0.0,1016,14,2,219,3
2019-09-06 00:00:00,24,11,0.0,12.9,1,1,47,02:05 PM,11:46 PM,05:50 AM,06:41 PM,10,11,11,11,4,56,94,0.0,1018,11,5,42,2
2019-09-06 03:00:00,24,11,0.0,12.9,1,1,47,02:05 PM,11:46 PM,05:50 AM,06:41 PM,10,11,11,11,4,50,92,0.0,1018,11,10,37,2
2019-09-06 06:00:00,24,11,0.0,12.9,1,1,47,02:05 PM,11:46 PM,05:50 AM,06:41 PM,12,13,13,13,4,53,90,0.0,1019,13,10,36,3
2019-09-06 09:00:00,24,11,0.0,12.9,1,1,47,02:05 PM,11:46 PM,05:50 AM,06:41 PM,14,18,19,18,5,45,78,0.0,1019,18,10,120,5
2019-09-06 12:00:00,24,11,0.0,12.9,1,1,47,02:05 PM,11:46 PM,05:50 AM,06:41 PM,13,25,25,22,10,0,57,0.0,1019,22,10,343,9
2019-09-06 15:00:00,24,11,0.0,12.9,1,1,47,02:05 PM,11:46 PM,05:50 AM,06:41 PM,12,23,23,22,18,5,53,0.0,1018,22,10,326,14
2019-09-06 18:00:00,24,11,0.0,12.9,1,1,47,02:05 PM,11:46 PM,05:50 AM,06:41 PM,10,17,18,17,19,19,72,0.0,1018,17,7,339,10
2019-09-06 21:00:00,24,11,0.0,12.9,1,1,47,02:05 PM,11:46 PM,05:50 AM,06:41 PM,10,13,16,13,13,51,96,0.0,1018,13,1,241,6
2019-09-07 00:00:00,21,9,0.0,9.3,1,1,54,03:02 PM,No moonset,05:51 AM,06:40 PM,9,10,12,10,10,100,98,0.0,1018,10,0,5,5
2019-09-07 03:00:00,21,9,0.0,9.3,1,1,54,03:02 PM,No moonset,05:51 AM,06:40 PM,9,9,9,9,10,100,98,0.0,1017,9,0,3,5
2019-09-07 06:00:00,21,9,0.0,9.3,1,1,54,03:02 PM,No moonset,05:51 AM,06:40 PM,11,12,12,12,8,98,98,0.0,1017,12,1,5,5
2019-09-07 09:00:00,21,9,0.0,9.3,1,1,54,03:02 PM,No moonset,05:51 AM,06:40 PM,14,16,16,16,7,95,89,0.0,1017,16,5,111,6
2019-09-07 12:00:00,21,9,0.0,9.3,1,1,54,03:02 PM,No moonset,05:51 AM,06:40 PM,13,19,19,19,13,92,71,0.1,1017,19,10,331,11
2019-09-07 15:00:00,21,9,0.0,9.3,1,1,54,03:02 PM,No moonset,05:51 AM,06:40 PM,12,19,19,19,20,70,62,0.1,1016,19,10,328,14
2019-09-07 18:00:00,21,9,0.0,9.3,1,1,54,03:02 PM,No moonset,05:51 AM,06:40 PM,10,14,14,14,23,53,75,0.1,1016,14,10,327,13
2019-09-07 21:00:00,21,9,0.0,9.3,1,1,54,03:02 PM,No moonset,05:51 AM,06:40 PM,10,10,11,10,12,73,92,0.0,1017,11,7,335,6
2019-09-08 00:00:00,22,10,0.0,9.3,1,1,62,03:53 PM,12:34 AM,05:52 AM,06:38 PM,10,11,11,11,8,99,93,0.0,1018,11,5,349,4
2019-09-08 03:00:00,22,10,0.0,9.3,1,1,62,03:53 PM,12:34 AM,05:52 AM,06:38 PM,10,12,12,12,8,97,93,0.0,1018,12,7,342,4
2019-09-08 06:00:00,22,10,0.0,9.3,1,1,62,03:53 PM,12:34 AM,05:52 AM,06:38 PM,12,13,13,13,9,88,96,0.0,1018,13,2,331,5
2019-09-08 09:00:00,22,10,0.0,9.3,1,1,62,03:53 PM,12:34 AM,05:52 AM,06:38 PM,13,17,17,17,8,84,82,0.0,1018,17,5,331,7
2019-09-08 12:00:00,22,10,0.0,9.3,1,1,62,03:53 PM,12:34 AM,05:52 AM,06:38 PM,12,21,22,21,15,60,55,0.1,1017,21,10,323,13
2019-09-08 15:00:00,22,10,0.0,9.3,1,1,62,03:53 PM,12:34 AM,05:52 AM,06:38 PM,12,20,22,20,21,23,58,0.0,1016,20,10,316,16
2019-09-08 18:00:00,22,10,0.0,9.3,1,1,62,03:53 PM,12:34 AM,05:52 AM,06:38 PM,10,15,17,15,21,66,77,0.0,1016,15,7,324,12
2019-09-08 21:00:00,22,10,0.0,9.3,1,1,62,03:53 PM,12:34 AM,05:52 AM,06:38 PM,10,12,15,12,10,100,98,0.0,1017,12,0,230,5
2019-09-09 00:00:00,22,8,0.0,11.9,1,1,69,04:37 PM,01:28 AM,05:53 AM,06:36 PM,10,10,10,10,6,100,99,0.0,1017,10,0,32,3
2019-09-09 03:00:00,22,8,0.0,11.9,1,1,69,04:37 PM,01:28 AM,05:53 AM,06:36 PM,10,10,10,10,5,82,98,0.0,1016,10,1,50,3
2019-09-09 06:00:00,22,8,0.0,11.9,1,1,69,04:37 PM,01:28 AM,05:53 AM,06:36 PM,11,12,12,12,6,44,95,0.0,1016,12,5,91,4
2019-09-09 09:00:00,22,8,0.0,11.9,1,1,69,04:37 PM,01:28 AM,05:53 AM,06:36 PM,13,16,16,16,7,51,82,0.0,1015,16,10,179,6
2019-09-09 12:00:00,22,8,0.0,11.9,1,1,69,04:37 PM,01:28 AM,05:53 AM,06:36 PM,12,21,22,21,12,79,58,0.1,1015,21,10,301,10
2019-09-09 15:00:00,22,8,0.0,11.9,1,1,69,04:37 PM,01:28 AM,05:53 AM,06:36 PM,10,20,22,20,19,61,52,0.1,1013,20,10,307,14
2019-09-09 18:00:00,22,8,0.0,11.9,1,1,69,04:37 PM,01:28 AM,05:53 AM,06:36 PM,9,15,16,15,19,8,71,0.0,1013,15,10,317,12
2019-09-09 21:00:00,22,8,0.0,11.9,1,1,69,04:37 PM,01:28 AM,05:53 AM,06:36 PM,9,12,14,12,10,12,95,0.0,1013,12,7,240,5
2019-09-10 00:00:00,22,9,0.0,12.8,1,1,77,05:16 PM,02:23 AM,05:53 AM,06:35 PM,8,9,9,9,7,19,96,0.0,1014,9,2,79,3
2019-09-10 03:00:00,22,9,0.0,12.8,1,1,77,05:16 PM,02:23 AM,05:53 AM,06:35 PM,9,10,10,10,8,18,96,0.0,1014,10,2,90,4
2019-09-10 06:00:00,22,9,0.0,12.8,1,1,77,05:16 PM,02:23 AM,05:53 AM,06:35 PM,9,10,10,10,7,39,94,0.0,1014,10,5,86,4
2019-09-10 09:00:00,22,9,0.0,12.8,1,1,77,05:16 PM,02:23 AM,05:53 AM,06:35 PM,12,16,16,16,6,44,78,0.0,1014,16,10,162,6
2019-09-10 12:00:00,22,9,0.0,12.8,1,1,77,05:16 PM,02:23 AM,05:53 AM,06:35 PM,11,21,22,21,14,11,53,0.0,1014,21,10,319,13
2019-09-10 15:00:00,22,9,0.0,12.8,1,1,77,05:16 PM,02:23 AM,05:53 AM,06:35 PM,11,20,22,20,22,7,54,0.0,1013,20,10,318,16
2019-09-10 18:00:00,22,9,0.0,12.8,1,1,77,05:16 PM,02:23 AM,05:53 AM,06:35 PM,9,15,16,15,22,13,73,0.0,1014,15,7,333,12
2019-09-10 21:00:00,22,9,0.0,12.8,1,1,77,05:16 PM,02:23 AM,05:53 AM,06:35 PM,9,11,13,11,12,52,97,0.0,1016,11,1,240,5
2019-09-11 00:00:00,23,8,0.0,12.8,1,1,84,05:49 PM,03:21 AM,05:54 AM,06:33 PM,8,9,9,9,7,100,98,0.0,1017,9,0,31,4
2019-09-11 03:00:00,23,8,0.0,12.8,1,1,84,05:49 PM,03:21 AM,05:54 AM,06:33 PM,8,9,9,9,7,100,98,0.0,1017,9,0,38,4
2019-09-11 06:00:00,23,8,0.0,12.8,1,1,84,05:49 PM,03:21 AM,05:54 AM,06:33 PM,10,11,11,11,7,70,95,0.0,1018,11,3,44,4
2019-09-11 09:00:00,23,8,0.0,12.8,1,1,84,05:49 PM,03:21 AM,05:54 AM,06:33 PM,12,17,17,17,6,8,78,0.0,1019,16,10,139,5
2019-09-11 12:00:00,23,8,0.0,12.8,1,1,84,05:49 PM,03:21 AM,05:54 AM,06:33 PM,12,25,25,22,13,2,52,0.0,1019,22,10,328,11
2019-09-11 15:00:00,23,8,0.0,12.8,1,1,84,05:49 PM,03:21 AM,05:54 AM,06:33 PM,11,21,22,21,19,3,52,0.0,1018,21,10,330,14
2019-09-11 18:00:00,23,8,0.0,12.8,1,1,84,05:49 PM,03:21 AM,05:54 AM,06:33 PM,8,16,17,16,19,6,68,0.0,1018,16,7,227,11
2019-09-11 21:00:00,23,8,0.0,12.8,1,1,84,05:49 PM,03:21 AM,05:54 AM,06:33 PM,9,11,14,11,13,9,96,0.0,1019,12,2,10,6
2019-09-12 00:00:00,27,8,0.0,12.8,1,1,92,06:19 PM,04:19 AM,05:55 AM,06:31 PM,8,8,8,8,10,5,96,0.0,1020,8,5,25,5
2019-09-12 03:00:00,27,8,0.0,12.8,1,1,92,06:19 PM,04:19 AM,05:55 AM,06:31 PM,7,8,8,8,10,3,92,0.0,1019,8,10,41,5
2019-09-12 06:00:00,27,8,0.0,12.8,1,1,92,06:19 PM,04:19 AM,05:55 AM,06:31 PM,8,11,11,11,9,0,83,0.0,1019,11,10,53,5
2019-09-12 09:00:00,27,8,0.0,12.8,1,1,92,06:19 PM,04:19 AM,05:55 AM,06:31 PM,11,19,19,19,9,0,64,0.0,1019,19,10,133,6
2019-09-12 12:00:00,27,8,0.0,12.8,1,1,92,06:19 PM,04:19 AM,05:55 AM,06:31 PM,11,26,26,25,13,0,41,0.0,1019,25,10,330,12
2019-09-12 15:00:00,27,8,0.0,12.8,1,1,92,06:19 PM,04:19 AM,05:55 AM,06:31 PM,10,24,24,24,19,2,41,0.0,1018,24,10,330,14
2019-09-12 18:00:00,27,8,0.0,12.8,1,1,92,06:19 PM,04:19 AM,05:55 AM,06:31 PM,8,17,18,17,22,5,65,0.0,1018,17,10,345,13
2019-09-12 21:00:00,27,8,0.0,12.8,1,1,92,06:19 PM,04:19 AM,05:55 AM,06:31 PM,8,14,16,14,15,3,89,0.0,1019,14,10,244,7
2019-09-13 00:00:00,26,9,0.0,12.7,1,1,99,06:46 PM,05:18 AM,05:56 AM,06:30 PM,7,10,13,10,12,3,89,0.0,1019,10,10,16,6
2019-09-13 03:00:00,26,9,0.0,12.7,1,1,99,06:46 PM,05:18 AM,05:56 AM,06:30 PM,7,9,9,9,9,3,85,0.0,1019,9,10,17,4
2019-09-13 06:00:00,26,9,0.0,12.7,1,1,99,06:46 PM,05:18 AM,05:56 AM,06:30 PM,8,11,11,11,8,2,80,0.0,1018,11,10,35,4
2019-09-13 09:00:00,26,9,0.0,12.7,1,1,99,06:46 PM,05:18 AM,05:56 AM,06:30 PM,10,18,19,18,9,5,61,0.0,1018,18,10,141,6
2019-09-13 12:00:00,26,9,0.0,12.7,1,1,99,06:46 PM,05:18 AM,05:56 AM,06:30 PM,11,25,25,25,15,0,42,0.0,1018,25,10,330,13
2019-09-13 15:00:00,26,9,0.0,12.7,1,1,99,06:46 PM,05:18 AM,05:56 AM,06:30 PM,12,23,23,23,21,1,52,0.0,1017,23,10,333,16
2019-09-13 18:00:00,26,9,0.0,12.7,1,1,99,06:46 PM,05:18 AM,05:56 AM,06:30 PM,11,17,18,17,22,35,79,0.0,1017,17,7,343,12
2019-09-13 21:00:00,26,9,0.0,12.7,1,1,99,06:46 PM,05:18 AM,05:56 AM,06:30 PM,11,14,17,14,15,89,98,0.0,1018,14,1,235,8
2019-09-14 00:00:00,23,10,0.0,12.7,1,1,100,07:12 PM,06:15 AM,05:57 AM,06:28 PM,10,10,11,10,14,79,97,0.0,1017,11,1,3,6
2019-09-14 03:00:00,23,10,0.0,12.7,1,1,100,07:12 PM,06:15 AM,05:57 AM,06:28 PM,10,10,10,10,15,100,97,0.0,1017,10,0,117,7
2019-09-14 06:00:00,23,10,0.0,12.7,1,1,100,07:12 PM,06:15 AM,05:57 AM,06:28 PM,11,11,12,11,13,81,95,0.0,1016,12,3,348,7
2019-09-14 09:00:00,23,10,0.0,12.7,1,1,100,07:12 PM,06:15 AM,05:57 AM,06:28 PM,14,17,17,17,8,29,82,0.0,1016,17,10,342,6
2019-09-14 12:00:00,23,10,0.0,12.7,1,1,100,07:12 PM,06:15 AM,05:57 AM,06:28 PM,14,21,22,21,14,0,62,0.0,1015,21,10,323,12
2019-09-14 15:00:00,23,10,0.0,12.7,1,1,100,07:12 PM,06:15 AM,05:57 AM,06:28 PM,13,21,22,21,18,9,61,0.0,1014,21,10,327,14
2019-09-14 18:00:00,23,10,0.0,12.7,1,1,100,07:12 PM,06:15 AM,05:57 AM,06:28 PM,11,15,17,15,20,40,77,0.0,1013,15,10,343,12
2019-09-14 21:00:00,23,10,0.0,12.7,1,1,100,07:12 PM,06:15 AM,05:57 AM,06:28 PM,10,12,15,12,17,74,92,0.0,1014,12,10,356,8
2019-09-15 00:00:00,24,10,0.0,11.9,1,1,85,07:37 PM,07:14 AM,05:58 AM,06:26 PM,10,11,11,11,14,83,93,0.0,1014,11,7,357,7
2019-09-15 03:00:00,24,10,0.0,11.9,1,1,85,07:37 PM,07:14 AM,05:58 AM,06:26 PM,10,11,11,11,10,75,96,0.0,1013,11,2,236,5
2019-09-15 06:00:00,24,10,0.0,11.9,1,1,85,07:37 PM,07:14 AM,05:58 AM,06:26 PM,11,13,13,13,7,55,92,0.0,1013,13,5,19,4
2019-09-15 09:00:00,24,10,0.0,11.9,1,1,85,07:37 PM,07:14 AM,05:58 AM,06:26 PM,12,18,18,18,5,12,74,0.0,1012,17,10,132,4
2019-09-15 12:00:00,24,10,0.0,11.9,1,1,85,07:37 PM,07:14 AM,05:58 AM,06:26 PM,13,25,25,23,9,21,52,0.0,1011,23,10,275,8
2019-09-15 15:00:00,24,10,0.0,11.9,1,1,85,07:37 PM,07:14 AM,05:58 AM,06:26 PM,14,21,22,21,12,64,67,0.5,1010,21,10,245,9
2019-09-15 18:00:00,24,10,0.0,11.9,1,1,85,07:37 PM,07:14 AM,05:58 AM,06:26 PM,13,14,13,14,8,95,97,1.4,1010,13,9,259,4
2019-09-15 21:00:00,24,10,0.0,11.9,1,1,85,07:37 PM,07:14 AM,05:58 AM,06:26 PM,12,12,12,12,9,87,99,2.0,1011,0,9,284,4
2019-09-16 00:00:00,21,0,0.0,12.7,1,1,78,08:02 PM,08:11 AM,05:59 AM,06:25 PM,10,11,10,11,5,69,97,2.0,1011,0,8,232,3
2019-09-16 03:00:00,21,0,0.0,12.7,1,1,78,08:02 PM,08:11 AM,05:59 AM,06:25 PM,8,9,9,9,4,83,97,0.1,1011,0,10,112,2
2019-09-16 06:00:00,21,0,0.0,12.7,1,1,78,08:02 PM,08:11 AM,05:59 AM,06:25 PM,9,10,10,10,8,63,95,0.1,1012,0,9,123,4
2019-09-16 09:00:00,21,0,0.0,12.7,1,1,78,08:02 PM,08:11 AM,05:59 AM,06:25 PM,11,15,15,15,7,19,81,0.0,1013,0,10,179,5
2019-09-16 12:00:00,21,0,0.0,12.7,1,1,78,08:02 PM,08:11 AM,05:59 AM,06:25 PM,10,20,20,20,9,18,51,0.0,1013,7,10,264,8
2019-09-16 15:00:00,21,0,0.0,12.7,1,1,78,08:02 PM,08:11 AM,05:59 AM,06:25 PM,7,19,19,19,16,12,46,0.0,1013,19,10,282,12
2019-09-16 18:00:00,21,0,0.0,12.7,1,1,78,08:02 PM,08:11 AM,05:59 AM,06:25 PM,6,15,16,15,15,8,64,0.0,1014,15,10,283,8
2019-09-16 21:00:00,21,0,0.0,12.7,1,1,78,08:02 PM,08:11 AM,05:59 AM,06:25 PM,7,13,16,13,6,6,89,0.0,1017,13,7,223,3
2019-09-17 00:00:00,23,6,0.0,11.8,1,1,70,08:28 PM,09:11 AM,06:00 AM,06:23 PM,6,10,11,10,11,7,94,0.0,1018,10,5,128,5
2019-09-17 03:00:00,23,6,0.0,11.8,1,1,70,08:28 PM,09:11 AM,06:00 AM,06:23 PM,5,5,7,5,16,5,92,0.0,1018,7,10,127,8
2019-09-17 06:00:00,23,6,0.0,11.8,1,1,70,08:28 PM,09:11 AM,06:00 AM,06:23 PM,6,7,8,7,15,7,87,0.0,1018,8,10,133,8
2019-09-17 09:00:00,23,6,0.0,11.8,1,1,70,08:28 PM,09:11 AM,06:00 AM,06:23 PM,9,14,15,14,12,21,68,0.0,1018,15,10,153,9
2019-09-17 12:00:00,23,6,0.0,11.8,1,1,70,08:28 PM,09:11 AM,06:00 AM,06:23 PM,9,21,22,21,13,47,47,0.0,1016,21,10,200,12
2019-09-17 15:00:00,23,6,0.0,11.8,1,1,70,08:28 PM,09:11 AM,06:00 AM,06:23 PM,10,20,22,20,20,92,53,0.0,1015,20,10,212,15
2019-09-17 18:00:00,23,6,0.0,11.8,1,1,70,08:28 PM,09:11 AM,06:00 AM,06:23 PM,10,14,15,14,23,100,75,1.6,1014,15,9,173,12
2019-09-17 21:00:00,23,6,0.0,11.8,1,1,70,08:28 PM,09:11 AM,06:00 AM,06:23 PM,11,10,11,10,21,100,98,6.5,1014,11,6,142,10
2019-09-18 00:00:00,18,6,0.0,6.1,1,1,63,08:58 PM,10:11 AM,06:01 AM,06:21 PM,11,11,11,11,12,89,98,6.9,1013,11,7,154,6
2019-09-18 03:00:00,18,6,0.0,6.1,1,1,63,08:58 PM,10:11 AM,06:01 AM,06:21 PM,10,10,10,10,5,70,96,1.0,1013,10,10,193,2
2019-09-18 06:00:00,18,6,0.0,6.1,1,1,63,08:58 PM,10:11 AM,06:01 AM,06:21 PM,10,11,11,11,5,71,93,1.2,1013,11,10,195,3
2019-09-18 09:00:00,18,6,0.0,6.1,1,1,63,08:58 PM,10:11 AM,06:01 AM,06:21 PM,13,16,15,16,5,61,87,0.9,1014,15,10,188,4
2019-09-18 12:00:00,18,6,0.0,6.1,1,1,63,08:58 PM,10:11 AM,06:01 AM,06:21 PM,14,18,18,18,8,69,78,2.2,1014,18,9,252,5
2019-09-18 15:00:00,18,6,0.0,6.1,1,1,63,08:58 PM,10:11 AM,06:01 AM,06:21 PM,13,16,16,16,14,81,79,3.9,1014,16,7,298,8
2019-09-18 18:00:00,18,6,0.0,6.1,1,1,63,08:58 PM,10:11 AM,06:01 AM,06:21 PM,9,11,12,11,12,83,86,4.1,1014,12,8,321,6
2019-09-18 21:00:00,18,6,0.0,6.1,1,1,63,08:58 PM,10:11 AM,06:01 AM,06:21 PM,9,8,9,8,3,88,95,1.1,1015,8,9,246,1
2019-09-19 00:00:00,20,10,0.0,10.2,1,1,55,09:32 PM,11:12 AM,06:02 AM,06:20 PM,10,8,9,8,4,90,96,0.7,1016,8,6,58,2
2019-09-19 03:00:00,20,10,0.0,10.2,1,1,55,09:32 PM,11:12 AM,06:02 AM,06:20 PM,10,11,10,11,5,100,98,0.0,1016,10,0,24,3
2019-09-19 06:00:00,20,10,0.0,10.2,1,1,55,09:32 PM,11:12 AM,06:02 AM,06:20 PM,10,11,11,11,6,100,98,0.0,1016,11,0,16,4
2019-09-19 09:00:00,20,10,0.0,10.2,1,1,55,09:32 PM,11:12 AM,06:02 AM,06:20 PM,12,14,13,14,6,78,91,0.0,1017,13,3,120,5
2019-09-19 12:00:00,20,10,0.0,10.2,1,1,55,09:32 PM,11:12 AM,06:02 AM,06:20 PM,12,17,17,17,12,23,70,0.0,1016,17,10,334,10
2019-09-19 15:00:00,20,10,0.0,10.2,1,1,55,09:32 PM,11:12 AM,06:02 AM,06:20 PM,10,18,18,18,20,3,57,0.0,1015,18,10,332,15
2019-09-19 18:00:00,20,10,0.0,10.2,1,1,55,09:32 PM,11:12 AM,06:02 AM,06:20 PM,9,14,15,14,22,36,76,0.0,1015,14,7,342,13
2019-09-19 21:00:00,20,10,0.0,10.2,1,1,55,09:32 PM,11:12 AM,06:02 AM,06:20 PM,9,12,14,12,15,91,97,0.0,1016,12,1,234,7
2019-09-20 00:00:00,22,9,0.0,11.6,1,1,48,10:11 PM,12:14 PM,06:03 AM,06:18 PM,10,10,10,10,10,51,97,0.0,1017,10,2,30,5
2019-09-20 03:00:00,22,9,0.0,11.6,1,1,48,10:11 PM,12:14 PM,06:03 AM,06:18 PM,9,10,9,10,8,7,96,0.0,1017,9,5,68,4
2019-09-20 06:00:00,22,9,0.0,11.6,1,1,48,10:11 PM,12:14 PM,06:03 AM,06:18 PM,9,11,10,11,8,7,91,0.0,1017,10,10,41,4
2019-09-20 09:00:00,22,9,0.0,11.6,1,1,48,10:11 PM,12:14 PM,06:03 AM,06:18 PM,10,16,15,16,9,6,72,0.0,1017,15,10,128,6
2019-09-20 12:00:00,22,9,0.0,11.6,1,1,48,10:11 PM,12:14 PM,06:03 AM,06:18 PM,9,21,22,21,15,6,46,0.0,1016,21,10,333,13
2019-09-20 15:00:00,22,9,0.0,11.6,1,1,48,10:11 PM,12:14 PM,06:03 AM,06:18 PM,10,20,21,20,22,6,53,0.0,1015,20,10,333,17
2019-09-20 18:00:00,22,9,0.0,11.6,1,1,48,10:11 PM,12:14 PM,06:03 AM,06:18 PM,9,14,15,14,24,26,78,0.0,1015,14,7,341,13
2019-09-20 21:00:00,22,9,0.0,11.6,1,1,48,10:11 PM,12:14 PM,06:03 AM,06:18 PM,9,12,14,12,15,57,96,0.0,1016,12,2,239,7
2019-09-21 00:00:00,25,10,0.0,11.6,1,1,40,10:58 PM,01:17 PM,06:04 AM,06:16 PM,10,11,10,11,8,29,95,0.0,1017,10,5,23,4
2019-09-21 03:00:00,25,10,0.0,11.6,1,1,40,10:58 PM,01:17 PM,06:04 AM,06:16 PM,8,10,10,10,8,0,91,0.0,1017,10,10,39,4
2019-09-21 06:00:00,25,10,0.0,11.6,1,1,40,10:58 PM,01:17 PM,06:04 AM,06:16 PM,9,12,12,12,8,0,83,0.0,1017,12,10,60,4
2019-09-21 09:00:00,25,10,0.0,11.6,1,1,40,10:58 PM,01:17 PM,06:04 AM,06:16 PM,10,18,18,18,8,0,63,0.0,1017,18,10,156,6
2019-09-21 12:00:00,25,10,0.0,11.6,1,1,40,10:58 PM,01:17 PM,06:04 AM,06:16 PM,9,25,25,24,12,2,38,0.0,1016,24,10,331,10
2019-09-21 15:00:00,25,10,0.0,11.6,1,1,40,10:58 PM,01:17 PM,06:04 AM,06:16 PM,8,22,22,22,18,4,42,0.0,1014,22,10,327,13
2019-09-21 18:00:00,25,10,0.0,11.6,1,1,40,10:58 PM,01:17 PM,06:04 AM,06:16 PM,7,17,18,17,20,4,65,0.0,1014,17,7,340,11
2019-09-21 21:00:00,25,10,0.0,11.6,1,1,40,10:58 PM,01:17 PM,06:04 AM,06:16 PM,9,14,16,14,12,28,96,0.0,1015,14,2,236,6
2019-09-22 00:00:00,22,11,0.0,10.2,1,1,33,11:53 PM,02:16 PM,06:05 AM,06:15 PM,10,11,11,11,9,70,97,0.0,1015,11,2,116,4
2019-09-22 03:00:00,22,11,0.0,10.2,1,1,33,11:53 PM,02:16 PM,06:05 AM,06:15 PM,11,11,11,11,12,85,97,0.0,1015,11,2,345,6
2019-09-22 06:00:00,22,11,0.0,10.2,1,1,33,11:53 PM,02:16 PM,06:05 AM,06:15 PM,12,12,13,12,11,76,96,0.0,1015,13,2,346,6
2019-09-22 09:00:00,22,11,0.0,10.2,1,1,33,11:53 PM,02:16 PM,06:05 AM,06:15 PM,14,16,16,16,9,67,90,0.0,1016,16,5,325,7
2019-09-22 12:00:00,22,11,0.0,10.2,1,1,33,11:53 PM,02:16 PM,06:05 AM,06:15 PM,14,20,20,20,12,59,72,0.0,1015,20,10,331,11
2019-09-22 15:00:00,22,11,0.0,10.2,1,1,33,11:53 PM,02:16 PM,06:05 AM,06:15 PM,13,20,22,20,18,23,61,0.0,1014,20,10,330,13
2019-09-22 18:00:00,22,11,0.0,10.2,1,1,33,11:53 PM,02:16 PM,06:05 AM,06:15 PM,11,15,15,15,22,42,76,0.0,1015,15,10,337,12
2019-09-22 21:00:00,22,11,0.0,10.2,1,1,33,11:53 PM,02:16 PM,06:05 AM,06:15 PM,11,11,12,11,18,89,95,0.1,1016,12,7,344,9
2019-09-23 00:00:00,21,8,0.0,11.6,1,1,25,No moonrise,03:12 PM,06:06 AM,06:13 PM,10,10,11,10,21,92,97,0.1,1017,11,1,345,10
2019-09-23 03:00:00,21,8,0.0,11.6,1,1,25,No moonrise,03:12 PM,06:06 AM,06:13 PM,9,9,10,9,17,84,97,0.1,1017,10,1,233,8
2019-09-23 06:00:00,21,8,0.0,11.6,1,1,25,No moonrise,03:12 PM,06:06 AM,06:13 PM,10,9,10,9,13,88,98,0.1,1018,10,1,122,7
2019-09-23 09:00:00,21,8,0.0,11.6,1,1,25,No moonrise,03:12 PM,06:06 AM,06:13 PM,12,15,15,15,11,43,83,0.0,1019,15,5,352,9
2019-09-23 12:00:00,21,8,0.0,11.6,1,1,25,No moonrise,03:12 PM,06:06 AM,06:13 PM,11,20,21,20,14,0,55,0.0,1019,20,10,337,12
2019-09-23 15:00:00,21,8,0.0,11.6,1,1,25,No moonrise,03:12 PM,06:06 AM,06:13 PM,10,19,21,19,22,0,55,0.0,1018,19,10,335,16
2019-09-23 18:00:00,21,8,0.0,11.6,1,1,25,No moonrise,03:12 PM,06:06 AM,06:13 PM,8,14,15,14,25,2,71,0.0,1018,14,10,343,13
2019-09-23 21:00:00,21,8,0.0,11.6,1,1,25,No moonrise,03:12 PM,06:06 AM,06:13 PM,7,11,13,11,13,5,91,0.0,1020,11,10,236,6
2019-09-24 00:00:00,25,9,0.0,11.6,1,1,18,12:57 AM,04:02 PM,06:07 AM,06:11 PM,7,8,8,8,11,2,90,0.0,1020,8,10,7,5
2019-09-24 03:00:00,25,9,0.0,11.6,1,1,18,12:57 AM,04:02 PM,06:07 AM,06:11 PM,6,9,10,9,12,1,77,0.0,1020,10,10,21,6
2019-09-24 06:00:00,25,9,0.0,11.6,1,1,18,12:57 AM,04:02 PM,06:07 AM,06:11 PM,6,12,12,12,11,3,64,0.0,1020,12,10,24,5
2019-09-24 09:00:00,25,9,0.0,11.6,1,1,18,12:57 AM,04:02 PM,06:07 AM,06:11 PM,6,18,18,18,11,2,45,0.0,1020,18,10,129,7
2019-09-24 12:00:00,25,9,0.0,11.6,1,1,18,12:57 AM,04:02 PM,06:07 AM,06:11 PM,8,25,25,24,15,0,35,0.0,1018,24,10,337,13
2019-09-24 15:00:00,25,9,0.0,11.6,1,1,18,12:57 AM,04:02 PM,06:07 AM,06:11 PM,11,23,23,23,22,0,49,0.0,1016,23,10,335,16
2019-09-24 18:00:00,25,9,0.0,11.6,1,1,18,12:57 AM,04:02 PM,06:07 AM,06:11 PM,12,17,18,17,26,22,77,0.0,1015,17,7,338,13
2019-09-24 21:00:00,25,9,0.0,11.6,1,1,18,12:57 AM,04:02 PM,06:07 AM,06:11 PM,12,14,16,14,18,64,97,0.0,1016,14,2,346,8
2019-09-25 00:00:00,25,11,0.0,11.6,1,1,10,02:07 AM,04:47 PM,06:08 AM,06:10 PM,11,11,12,11,15,45,97,0.0,1016,12,2,350,8
2019-09-25 03:00:00,25,11,0.0,11.6,1,1,10,02:07 AM,04:47 PM,06:08 AM,06:10 PM,11,11,11,11,15,11,95,0.0,1015,11,5,234,7
2019-09-25 06:00:00,25,11,0.0,11.6,1,1,10,02:07 AM,04:47 PM,06:08 AM,06:10 PM,11,12,13,12,15,9,91,0.0,1014,13,10,14,7
2019-09-25 09:00:00,25,11,0.0,11.6,1,1,10,02:07 AM,04:47 PM,06:08 AM,06:10 PM,13,19,19,19,13,3,72,0.0,1013,19,10,131,9
2019-09-25 12:00:00,25,11,0.0,11.6,1,1,10,02:07 AM,04:47 PM,06:08 AM,06:10 PM,13,26,26,25,17,0,46,0.0,1012,25,10,335,14
2019-09-25 15:00:00,25,11,0.0,11.6,1,1,10,02:07 AM,04:47 PM,06:08 AM,06:10 PM,10,23,23,23,21,0,46,0.0,1010,23,10,334,15
2019-09-25 18:00:00,25,11,0.0,11.6,1,1,10,02:07 AM,04:47 PM,06:08 AM,06:10 PM,7,16,17,16,20,0,62,0.0,1009,16,10,228,10
2019-09-25 21:00:00,25,11,0.0,11.6,1,1,10,02:07 AM,04:47 PM,06:08 AM,06:10 PM,7,13,15,13,9,0,76,0.0,1010,13,10,24,4
2019-09-26 00:00:00,26,11,0.0,11.6,1,1,2,03:22 AM,05:26 PM,06:09 AM,06:08 PM,6,13,13,13,10,0,62,0.0,1010,13,10,42,5
2019-09-26 03:00:00,26,11,0.0,11.6,1,1,2,03:22 AM,05:26 PM,06:09 AM,06:08 PM,5,14,14,14,12,3,55,0.0,1010,14,10,48,6
2019-09-26 06:00:00,26,11,0.0,11.6,1,1,2,03:22 AM,05:26 PM,06:09 AM,06:08 PM,6,15,15,15,12,7,56,0.0,1011,15,10,14,6
2019-09-26 09:00:00,26,11,0.0,11.6,1,1,2,03:22 AM,05:26 PM,06:09 AM,06:08 PM,9,20,20,20,9,1,49,0.0,1011,20,10,113,6
2019-09-26 12:00:00,26,11,0.0,11.6,1,1,2,03:22 AM,05:26 PM,06:09 AM,06:08 PM,10,26,26,26,10,0,37,0.0,1012,26,10,314,9
2019-09-26 15:00:00,26,11,0.0,11.6,1,1,2,03:22 AM,05:26 PM,06:09 AM,06:08 PM,10,23,23,23,16,0,45,0.0,1011,23,10,313,12
2019-09-26 18:00:00,26,11,0.0,11.6,1,1,2,03:22 AM,05:26 PM,06:09 AM,06:08 PM,9,16,17,16,18,6,71,0.0,1012,16,7,334,10
2019-09-26 21:00:00,26,11,0.0,11.6,1,1,2,03:22 AM,05:26 PM,06:09 AM,06:08 PM,10,14,15,14,13,38,96,0.0,1014,14,2,227,6
2019-09-27 00:00:00,19,4,0.0,11.6,1,1,0,04:38 AM,06:01 PM,06:10 AM,06:06 PM,11,11,11,11,13,81,95,0.0,1014,11,2,109,6
2019-09-27 03:00:00,19,4,0.0,11.6,1,1,0,04:38 AM,06:01 PM,06:10 AM,06:06 PM,10,10,11,10,15,87,96,0.0,1014,11,2,324,7
2019-09-27 06:00:00,19,4,0.0,11.6,1,1,0,04:38 AM,06:01 PM,06:10 AM,06:06 PM,10,11,11,11,10,88,95,0.0,1014,11,5,319,6
2019-09-27 09:00:00,19,4,0.0,11.6,1,1,0,04:38 AM,06:01 PM,06:10 AM,06:06 PM,12,15,15,15,8,55,84,0.0,1014,15,10,319,7
2019-09-27 12:00:00,19,4,0.0,11.6,1,1,0,04:38 AM,06:01 PM,06:10 AM,06:06 PM,11,18,18,18,12,7,66,0.0,1013,18,10,319,10
2019-09-27 15:00:00,19,4,0.0,11.6,1,1,0,04:38 AM,06:01 PM,06:10 AM,06:06 PM,10,16,17,16,22,10,64,0.0,1011,17,10,326,15
2019-09-27 18:00:00,19,4,0.0,11.6,1,1,0,04:38 AM,06:01 PM,06:10 AM,06:06 PM,6,9,11,9,29,30,76,0.0,1011,11,10,337,15
2019-09-27 21:00:00,19,4,0.0,11.6,1,1,0,04:38 AM,06:01 PM,06:10 AM,06:06 PM,6,5,7,5,27,70,90,0.0,1011,6,10,340,13
2019-09-28 00:00:00,16,6,0.0,11.6,1,1,0,05:55 AM,06:34 PM,06:11 AM,06:05 PM,6,4,7,4,29,65,91,0.0,1011,5,10,338,14
2019-09-28 03:00:00,16,6,0.0,11.6,1,1,0,05:55 AM,06:34 PM,06:11 AM,06:05 PM,6,4,7,4,29,69,94,0.1,1011,7,10,339,14
2019-09-28 06:00:00,16,6,0.0,11.6,1,1,0,05:55 AM,06:34 PM,06:11 AM,06:05 PM,6,5,7,5,25,64,93,0.1,1012,7,10,343,13
2019-09-28 09:00:00,16,6,0.0,11.6,1,1,0,05:55 AM,06:34 PM,06:11 AM,06:05 PM,7,10,11,10,17,13,78,0.0,1012,11,10,342,14
2019-09-28 12:00:00,16,6,0.0,11.6,1,1,0,05:55 AM,06:34 PM,06:11 AM,06:05 PM,6,14,15,14,23,17,54,0.0,1012,15,10,332,21
2019-09-28 15:00:00,16,6,0.0,11.6,1,1,0,05:55 AM,06:34 PM,06:11 AM,06:05 PM,5,13,14,13,30,28,55,0.0,1010,14,10,329,22
2019-09-28 18:00:00,16,6,0.0,11.6,1,1,0,05:55 AM,06:34 PM,06:11 AM,06:05 PM,3,8,11,8,33,9,69,0.0,1011,10,10,335,18
2019-09-28 21:00:00,16,6,0.0,11.6,1,1,0,05:55 AM,06:34 PM,06:11 AM,06:05 PM,4,8,11,8,15,39,94,0.0,1012,8,7,225,7
2019-09-29 00:00:00,15,3,0.0,7.4,1,1,0,07:10 AM,07:07 PM,06:12 AM,06:03 PM,3,5,8,5,6,100,98,0.0,1013,5,0,41,3
2019-09-29 03:00:00,15,3,0.0,7.4,1,1,0,07:10 AM,07:07 PM,06:12 AM,06:03 PM,3,3,3,3,7,100,97,0.0,1013,3,0,113,3
2019-09-29 06:00:00,15,3,0.0,7.4,1,1,0,07:10 AM,07:07 PM,06:12 AM,06:03 PM,5,4,5,4,9,78,96,0.0,1013,5,1,126,5
2019-09-29 09:00:00,15,3,0.0,7.4,1,1,0,07:10 AM,07:07 PM,06:12 AM,06:03 PM,7,10,10,10,9,51,84,0.1,1013,10,5,166,6
2019-09-29 12:00:00,15,3,0.0,7.4,1,1,0,07:10 AM,07:07 PM,06:12 AM,06:03 PM,9,15,15,15,9,92,68,1.1,1012,15,9,247,6
2019-09-29 15:00:00,15,3,0.0,7.4,1,1,0,07:10 AM,07:07 PM,06:12 AM,06:03 PM,8,11,11,11,9,96,84,4.8,1012,11,6,291,5
2019-09-29 18:00:00,15,3,0.0,7.4,1,1,0,07:10 AM,07:07 PM,06:12 AM,06:03 PM,5,6,6,6,4,84,95,5.9,1012,6,5,269,2
2019-09-29 21:00:00,15,3,0.0,7.4,1,1,0,07:10 AM,07:07 PM,06:12 AM,06:03 PM,3,3,4,3,9,75,94,0.5,1013,4,9,151,4
2019-09-30 00:00:00,16,3,0.0,11.6,1,1,5,08:24 AM,07:41 PM,06:13 AM,06:01 PM,3,2,3,2,12,78,95,0.4,1013,3,7,145,6
2019-09-30 03:00:00,16,3,0.0,11.6,1,1,5,08:24 AM,07:41 PM,06:13 AM,06:01 PM,3,2,3,2,10,72,96,0.2,1013,3,4,152,5
2019-09-30 06:00:00,16,3,0.0,11.6,1,1,5,08:24 AM,07:41 PM,06:13 AM,06:01 PM,4,3,4,3,9,50,96,0.2,1015,4,7,144,5
2019-09-30 09:00:00,16,3,0.0,11.6,1,1,5,08:24 AM,07:41 PM,06:13 AM,06:01 PM,7,9,9,9,8,15,85,0.0,1016,9,5,188,5
2019-09-30 12:00:00,16,3,0.0,11.6,1,1,5,08:24 AM,07:41 PM,06:13 AM,06:01 PM,6,15,15,15,8,23,59,0.0,1016,15,10,297,7
2019-09-30 15:00:00,16,3,0.0,11.6,1,1,5,08:24 AM,07:41 PM,06:13 AM,06:01 PM,4,13,14,13,16,15,51,0.0,1016,14,10,307,12
2019-09-30 18:00:00,16,3,0.0,11.6,1,1,5,08:24 AM,07:41 PM,06:13 AM,06:01 PM,2,9,11,9,17,5,68,0.0,1016,10,10,215,9
2019-09-30 21:00:00,16,3,0.0,11.6,1,1,5,08:24 AM,07:41 PM,06:13 AM,06:01 PM,3,8,11,8,9,5,94,0.0,1018,8,10,27,4
2019-10-01 00:00:00,18,2,0.0,11.6,1,1,12,09:38 AM,08:16 PM,06:14 AM,06:00 PM,2,5,7,5,8,5,92,0.0,1018,5,10,65,4
2019-10-01 03:00:00,18,2,0.0,11.6,1,1,12,09:38 AM,08:16 PM,06:14 AM,06:00 PM,1,2,3,2,9,3,89,0.0,1018,3,10,83,4
2019-10-01 06:00:00,18,2,0.0,11.6,1,1,12,09:38 AM,08:16 PM,06:14 AM,06:00 PM,2,3,4,3,9,0,85,0.0,1018,4,10,83,5
2019-10-01 09:00:00,18,2,0.0,11.6,1,1,12,09:38 AM,08:16 PM,06:14 AM,06:00 PM,4,10,10,10,8,0,68,0.0,1018,10,10,153,6
2019-10-01 12:00:00,18,2,0.0,11.6,1,1,12,09:38 AM,08:16 PM,06:14 AM,06:00 PM,4,17,17,17,12,0,43,0.0,1018,17,10,330,10
2019-10-01 15:00:00,18,2,0.0,11.6,1,1,12,09:38 AM,08:16 PM,06:14 AM,06:00 PM,3,16,16,16,16,0,41,0.0,1017,16,10,326,13
2019-10-01 18:00:00,18,2,0.0,11.6,1,1,12,09:38 AM,08:16 PM,06:14 AM,06:00 PM,2,12,13,12,14,0,59,0.0,1017,13,10,232,9
2019-10-01 21:00:00,18,2,0.0,11.6,1,1,12,09:38 AM,08:16 PM,06:14 AM,06:00 PM,1,10,13,10,9,0,81,0.0,1017,10,10,38,4
2019-10-02 00:00:00,19,3,0.0,8.7,1,1,19,10:48 AM,08:56 PM,06:15 AM,05:58 PM,-1,6,9,6,8,0,74,0.0,1017,6,10,79,4
2019-10-02 03:00:00,19,3,0.0,8.7,1,1,19,10:48 AM,08:56 PM,06:15 AM,05:58 PM,-2,3,4,3,9,1,69,0.0,1018,4,10,103,4
2019-10-02 06:00:00,19,3,0.0,8.7,1,1,19,10:48 AM,08:56 PM,06:15 AM,05:58 PM,-1,4,5,4,9,3,67,0.0,1017,5,10,101,5
2019-10-02 09:00:00,19,3,0.0,8.7,1,1,19,10:48 AM,08:56 PM,06:15 AM,05:58 PM,3,11,11,11,8,4,55,0.0,1018,11,10,172,5
2019-10-02 12:00:00,19,3,0.0,8.7,1,1,19,10:48 AM,08:56 PM,06:15 AM,05:58 PM,4,17,17,17,9,7,42,0.0,1018,17,10,322,8
2019-10-02 15:00:00,19,3,0.0,8.7,1,1,19,10:48 AM,08:56 PM,06:15 AM,05:58 PM,5,17,17,17,14,7,46,0.0,1016,17,10,318,11
2019-10-02 18:00:00,19,3,0.0,8.7,1,1,19,10:48 AM,08:56 PM,06:15 AM,05:58 PM,4,12,13,12,13,24,59,0.0,1016,12,10,223,8
2019-10-02 21:00:00,19,3,0.0,8.7,1,1,19,10:48 AM,08:56 PM,06:15 AM,05:58 PM,3,9,11,9,6,52,72,0.0,1017,9,10,24,3
2019-10-03 00:00:00,17,5,0.0,8.7,1,1,27,11:54 AM,09:40 PM,06:16 AM,05:57 PM,2,7,7,7,9,56,69,0.0,1017,7,10,19,4
2019-10-03 03:00:00,17,5,0.0,8.7,1,1,27,11:54 AM,09:40 PM,06:16 AM,05:57 PM,1,6,7,6,10,53,70,0.0,1017,7,10,10,5
2019-10-03 06:00:00,17,5,0.0,8.7,1,1,27,11:54 AM,09:40 PM,06:16 AM,05:57 PM,3,7,7,7,8,14,73,0.0,1017,7,10,17,4
2019-10-03 09:00:00,17,5,0.0,8.7,1,1,27,11:54 AM,09:40 PM,06:16 AM,05:57 PM,6,11,11,11,9,7,71,0.0,1018,11,10,120,6
2019-10-03 12:00:00,17,5,0.0,8.7,1,1,27,11:54 AM,09:40 PM,06:16 AM,05:57 PM,7,16,16,16,16,0,57,0.0,1017,16,10,329,14
2019-10-03 15:00:00,17,5,0.0,8.7,1,1,27,11:54 AM,09:40 PM,06:16 AM,05:57 PM,7,14,15,14,22,2,58,0.0,1017,15,10,325,17
2019-10-03 18:00:00,17,5,0.0,8.7,1,1,27,11:54 AM,09:40 PM,06:16 AM,05:57 PM,5,10,12,10,20,37,75,0.0,1018,11,7,334,11
2019-10-03 21:00:00,17,5,0.0,8.7,1,1,27,11:54 AM,09:40 PM,06:16 AM,05:57 PM,5,8,10,8,9,76,97,0.0,1019,8,1,250,4
2019-10-04 00:00:00,18,4,0.0,8.7,1,1,34,12:55 PM,10:28 PM,06:17 AM,05:55 PM,4,4,4,4,7,23,97,0.0,1021,4,2,62,3
2019-10-04 03:00:00,18,4,0.0,8.7,1,1,34,12:55 PM,10:28 PM,06:17 AM,05:55 PM,3,4,4,4,7,13,96,0.0,1021,4,2,83,3
2019-10-04 06:00:00,18,4,0.0,8.7,1,1,34,12:55 PM,10:28 PM,06:17 AM,05:55 PM,4,5,5,5,9,14,95,0.0,1022,5,5,86,4
2019-10-04 09:00:00,18,4,0.0,8.7,1,1,34,12:55 PM,10:28 PM,06:17 AM,05:55 PM,7,11,11,11,9,9,79,0.0,1023,11,10,171,6
2019-10-04 12:00:00,18,4,0.0,8.7,1,1,34,12:55 PM,10:28 PM,06:17 AM,05:55 PM,6,17,17,17,13,11,49,0.0,1023,17,10,332,11
2019-10-04 15:00:00,18,4,0.0,8.7,1,1,34,12:55 PM,10:28 PM,06:17 AM,05:55 PM,5,15,16,15,18,7,51,0.0,1022,16,10,331,13
2019-10-04 18:00:00,18,4,0.0,8.7,1,1,34,12:55 PM,10:28 PM,06:17 AM,05:55 PM,5,9,10,9,19,5,70,0.0,1022,10,10,231,10
2019-10-04 21:00:00,18,4,0.0,8.7,1,1,34,12:55 PM,10:28 PM,06:17 AM,05:55 PM,6,7,7,7,10,5,93,0.0,1024,7,7,21,5
2019-10-05 00:00:00,21,5,0.0,8.7,1,1,41,01:49 PM,11:21 PM,06:18 AM,05:53 PM,4,5,5,5,9,6,94,0.0,1024,5,5,39,4
2019-10-05 03:00:00,21,5,0.0,8.7,1,1,41,01:49 PM,11:21 PM,06:18 AM,05:53 PM,4,4,5,4,9,5,90,0.0,1023,5,10,45,4
2019-10-05 06:00:00,21,5,0.0,8.7,1,1,41,01:49 PM,11:21 PM,06:18 AM,05:53 PM,4,6,7,6,8,6,84,0.0,1023,7,10,48,4
2019-10-05 09:00:00,21,5,0.0,8.7,1,1,41,01:49 PM,11:21 PM,06:18 AM,05:53 PM,5,13,13,13,8,0,64,0.0,1023,13,10,133,6
2019-10-05 12:00:00,21,5,0.0,8.7,1,1,41,01:49 PM,11:21 PM,06:18 AM,05:53 PM,3,19,19,19,13,1,35,0.0,1022,19,10,336,11
2019-10-05 15:00:00,21,5,0.0,8.7,1,1,41,01:49 PM,11:21 PM,06:18 AM,05:53 PM,3,18,19,18,18,2,35,0.0,1020,19,10,334,14
2019-10-05 18:00:00,21,5,0.0,8.7,1,1,41,01:49 PM,11:21 PM,06:18 AM,05:53 PM,3,13,15,13,18,0,55,0.0,1020,14,10,229,10
2019-10-05 21:00:00,21,5,0.0,8.7,1,1,41,01:49 PM,11:21 PM,06:18 AM,05:53 PM,6,11,12,11,10,0,84,0.0,1020,11,10,24,5
2019-10-06 00:00:00,27,10,0.0,8.7,1,1,48,02:36 PM,No moonset,06:19 AM,05:52 PM,6,10,10,10,10,0,74,0.0,1020,10,10,74,5
2019-10-06 03:00:00,27,10,0.0,8.7,1,1,48,02:36 PM,No moonset,06:19 AM,05:52 PM,4,12,12,12,13,0,56,0.0,1019,12,10,88,6
2019-10-06 06:00:00,27,10,0.0,8.7,1,1,48,02:36 PM,No moonset,06:19 AM,05:52 PM,2,12,13,12,14,0,47,0.0,1019,13,10,92,7
2019-10-06 09:00:00,27,10,0.0,8.7,1,1,48,02:36 PM,No moonset,06:19 AM,05:52 PM,1,18,17,18,10,0,35,0.0,1019,18,10,173,5
2019-10-06 12:00:00,27,10,0.0,8.7,1,1,48,02:36 PM,No moonset,06:19 AM,05:52 PM,3,25,25,27,6,0,21,0.0,1018,27,10,325,5
2019-10-06 15:00:00,27,10,0.0,8.7,1,1,48,02:36 PM,No moonset,06:19 AM,05:52 PM,4,23,23,24,13,1,27,0.0,1017,24,10,322,10
2019-10-06 18:00:00,27,10,0.0,8.7,1,1,48,02:36 PM,No moonset,06:19 AM,05:52 PM,1,17,18,17,14,5,40,0.0,1017,17,10,236,7
2019-10-06 21:00:00,27,10,0.0,8.7,1,1,48,02:36 PM,No moonset,06:19 AM,05:52 PM,0,13,15,13,9,8,52,0.0,1018,13,10,49,4
2019-10-07 00:00:00,24,10,0.0,8.7,1,1,56,03:17 PM,12:16 AM,06:20 AM,05:50 PM,-1,10,10,10,9,6,47,0.0,1018,10,10,80,4
2019-10-07 03:00:00,24,10,0.0,8.7,1,1,56,03:17 PM,12:16 AM,06:20 AM,05:50 PM,-2,10,10,10,10,2,43,0.0,1017,10,10,99,5
2019-10-07 06:00:00,24,10,0.0,8.7,1,1,56,03:17 PM,12:16 AM,06:20 AM,05:50 PM,-1,12,12,12,10,1,43,0.0,1017,12,10,83,5
2019-10-07 09:00:00,24,10,0.0,8.7,1,1,56,03:17 PM,12:16 AM,06:20 AM,05:50 PM,2,17,17,17,10,0,39,0.0,1017,17,10,146,6
2019-10-07 12:00:00,24,10,0.0,8.7,1,1,56,03:17 PM,12:16 AM,06:20 AM,05:50 PM,4,24,24,24,10,0,27,0.0,1016,24,10,332,9
2019-10-07 15:00:00,24,10,0.0,8.7,1,1,56,03:17 PM,12:16 AM,06:20 AM,05:50 PM,4,22,22,22,17,1,30,0.0,1015,22,10,328,13
2019-10-07 18:00:00,24,10,0.0,8.7,1,1,56,03:17 PM,12:16 AM,06:20 AM,05:50 PM,2,17,19,17,18,1,45,0.0,1015,17,10,225,9
2019-10-07 21:00:00,24,10,0.0,8.7,1,1,56,03:17 PM,12:16 AM,06:20 AM,05:50 PM,5,15,18,15,10,0,73,0.0,1015,15,10,6,5
2019-10-08 00:00:00,19,5,0.0,7.2,1,1,63,03:52 PM,01:14 AM,06:21 AM,05:49 PM,8,13,14,13,8,0,83,0.0,1015,12,10,2,4
2019-10-08 03:00:00,19,5,0.0,7.2,1,1,63,03:52 PM,01:14 AM,06:21 AM,05:49 PM,10,11,11,11,8,6,91,0.0,1015,11,10,6,4
2019-10-08 06:00:00,19,5,0.0,7.2,1,1,63,03:52 PM,01:14 AM,06:21 AM,05:49 PM,9,11,11,11,9,44,87,0.0,1015,11,10,10,5
2019-10-08 09:00:00,19,5,0.0,7.2,1,1,63,03:52 PM,01:14 AM,06:21 AM,05:49 PM,8,14,14,14,11,66,71,0.0,1015,14,10,121,8
2019-10-08 12:00:00,19,5,0.0,7.2,1,1,63,03:52 PM,01:14 AM,06:21 AM,05:49 PM,10,19,19,19,17,6,54,0.0,1014,19,10,341,15
2019-10-08 15:00:00,19,5,0.0,7.2,1,1,63,03:52 PM,01:14 AM,06:21 AM,05:49 PM,9,16,16,16,24,10,64,0.0,1014,16,10,340,17
2019-10-08 18:00:00,19,5,0.0,7.2,1,1,63,03:52 PM,01:14 AM,06:21 AM,05:49 PM,5,8,11,8,31,12,76,0.0,1015,10,10,344,17
2019-10-08 21:00:00,19,5,0.0,7.2,1,1,63,03:52 PM,01:14 AM,06:21 AM,05:49 PM,3,6,10,6,26,3,87,0.0,1016,7,10,350,13
2019-10-09 00:00:00,16,4,0.0,8.7,1,1,70,04:22 PM,02:12 AM,06:22 AM,05:47 PM,3,2,4,2,24,9,90,0.0,1017,4,10,347,12
2019-10-09 03:00:00,16,4,0.0,8.7,1,1,70,04:22 PM,02:12 AM,06:22 AM,05:47 PM,3,2,4,2,18,14,92,0.0,1017,4,10,343,9
2019-10-09 06:00:00,16,4,0.0,8.7,1,1,70,04:22 PM,02:12 AM,06:22 AM,05:47 PM,3,2,4,2,17,11,92,0.0,1018,4,10,238,9
2019-10-09 09:00:00,16,4,0.0,8.7,1,1,70,04:22 PM,02:12 AM,06:22 AM,05:47 PM,4,7,8,7,12,4,77,0.0,1018,8,10,125,9
2019-10-09 12:00:00,16,4,0.0,8.7,1,1,70,04:22 PM,02:12 AM,06:22 AM,05:47 PM,1,14,15,14,16,0,41,0.0,1017,15,10,343,14
2019-10-09 15:00:00,16,4,0.0,8.7,1,1,70,04:22 PM,02:12 AM,06:22 AM,05:47 PM,-1,14,14,14,23,0,36,0.0,1016,14,10,338,17
2019-10-09 18:00:00,16,4,0.0,8.7,1,1,70,04:22 PM,02:12 AM,06:22 AM,05:47 PM,-1,9,11,9,24,0,54,0.0,1016,10,10,228,13
2019-10-09 21:00:00,16,4,0.0,8.7,1,1,70,04:22 PM,02:12 AM,06:22 AM,05:47 PM,-0,7,10,7,13,0,70,0.0,1018,8,10,30,6
2019-10-10 00:00:00,26,6,0.0,8.7,1,1,77,04:50 PM,03:10 AM,06:23 AM,05:45 PM,-6,4,6,4,16,0,45,0.0,1019,6,10,88,8
2019-10-10 03:00:00,26,6,0.0,8.7,1,1,77,04:50 PM,03:10 AM,06:23 AM,05:45 PM,-11,5,6,5,19,0,27,0.0,1019,6,10,89,9
2019-10-10 06:00:00,26,6,0.0,8.7,1,1,77,04:50 PM,03:10 AM,06:23 AM,05:45 PM,-11,5,7,5,21,0,26,0.0,1019,7,10,93,10
2019-10-10 09:00:00,26,6,0.0,8.7,1,1,77,04:50 PM,03:10 AM,06:23 AM,05:45 PM,-11,11,13,11,16,0,20,0.0,1018,13,10,79,8
2019-10-10 12:00:00,26,6,0.0,8.7,1,1,77,04:50 PM,03:10 AM,06:23 AM,05:45 PM,-9,23,23,23,8,0,11,0.0,1017,23,10,139,7
2019-10-10 15:00:00,26,6,0.0,8.7,1,1,77,04:50 PM,03:10 AM,06:23 AM,05:45 PM,-6,22,22,23,13,0,15,0.0,1015,23,10,338,9
2019-10-10 18:00:00,26,6,0.0,8.7,1,1,77,04:50 PM,03:10 AM,06:23 AM,05:45 PM,-5,15,15,15,17,0,28,0.0,1015,15,10,240,8
2019-10-10 21:00:00,26,6,0.0,8.7,1,1,77,04:50 PM,03:10 AM,06:23 AM,05:45 PM,-7,11,12,11,12,0,34,0.0,1016,11,10,74,5
2019-10-11 00:00:00,25,7,0.0,8.7,1,1,85,05:16 PM,04:08 AM,06:24 AM,05:44 PM,-10,7,8,7,14,0,26,0.0,1016,8,10,130,7
2019-10-11 03:00:00,25,7,0.0,8.7,1,1,85,05:16 PM,04:08 AM,06:24 AM,05:44 PM,-12,7,8,7,14,0,24,0.0,1017,8,10,134,7
2019-10-11 06:00:00,25,7,0.0,8.7,1,1,85,05:16 PM,04:08 AM,06:24 AM,05:44 PM,-12,8,8,8,14,1,22,0.0,1017,8,10,123,7
2019-10-11 09:00:00,25,7,0.0,8.7,1,1,85,05:16 PM,04:08 AM,06:24 AM,05:44 PM,-10,15,15,15,13,1,17,0.0,1017,15,10,152,6
2019-10-11 12:00:00,25,7,0.0,8.7,1,1,85,05:16 PM,04:08 AM,06:24 AM,05:44 PM,-6,23,23,24,5,0,13,0.0,1016,24,10,227,4
2019-10-11 15:00:00,25,7,0.0,8.7,1,1,85,05:16 PM,04:08 AM,06:24 AM,05:44 PM,-4,22,21,22,9,0,18,0.0,1015,22,10,273,6
2019-10-11 18:00:00,25,7,0.0,8.7,1,1,85,05:16 PM,04:08 AM,06:24 AM,05:44 PM,-2,15,16,15,10,0,34,0.0,1015,15,10,236,5
2019-10-11 21:00:00,25,7,0.0,8.7,1,1,85,05:16 PM,04:08 AM,06:24 AM,05:44 PM,-1,12,13,12,11,0,46,0.0,1015,12,10,118,5
2019-10-12 00:00:00,22,10,0.0,7.2,1,1,92,05:41 PM,05:07 AM,06:25 AM,05:42 PM,-5,10,11,10,12,0,32,0.0,1015,11,10,126,6
2019-10-12 03:00:00,22,10,0.0,7.2,1,1,92,05:41 PM,05:07 AM,06:25 AM,05:42 PM,-8,10,10,10,11,0,28,0.0,1015,10,10,127,5
2019-10-12 06:00:00,22,10,0.0,7.2,1,1,92,05:41 PM,05:07 AM,06:25 AM,05:42 PM,-9,9,10,9,13,1,26,0.0,1014,10,10,121,6
2019-10-12 09:00:00,22,10,0.0,7.2,1,1,92,05:41 PM,05:07 AM,06:25 AM,05:42 PM,-8,14,14,14,9,35,22,0.0,1014,14,10,180,5
2019-10-12 12:00:00,22,10,0.0,7.2,1,1,92,05:41 PM,05:07 AM,06:25 AM,05:42 PM,-6,21,22,21,5,73,15,0.0,1013,21,10,301,5
2019-10-12 15:00:00,22,10,0.0,7.2,1,1,92,05:41 PM,05:07 AM,06:25 AM,05:42 PM,-4,21,21,21,10,29,19,0.0,1012,21,10,315,9
2019-10-12 18:00:00,22,10,0.0,7.2,1,1,92,05:41 PM,05:07 AM,06:25 AM,05:42 PM,-3,17,18,17,9,42,31,0.0,1012,17,10,255,6
2019-10-12 21:00:00,22,10,0.0,7.2,1,1,92,05:41 PM,05:07 AM,06:25 AM,05:42 PM,-4,14,16,14,9,22,44,0.0,1012,14,10,101,4
2019-10-13 00:00:00,19,7,0.0,8.7,1,1,99,06:05 PM,06:05 AM,06:26 AM,05:41 PM,-6,10,12,10,10,7,41,0.0,1013,10,10,95,5
2019-10-13 03:00:00,19,7,0.0,8.7,1,1,99,06:05 PM,06:05 AM,06:26 AM,05:41 PM,-7,7,7,7,8,5,37,0.0,1012,7,10,87,4
2019-10-13 06:00:00,19,7,0.0,8.7,1,1,99,06:05 PM,06:05 AM,06:26 AM,05:41 PM,-6,8,8,8,8,5,35,0.0,1012,8,10,70,4
2019-10-13 09:00:00,19,7,0.0,8.7,1,1,99,06:05 PM,06:05 AM,06:26 AM,05:41 PM,-6,12,12,12,10,4,29,0.0,1012,12,10,168,6
2019-10-13 12:00:00,19,7,0.0,8.7,1,1,99,06:05 PM,06:05 AM,06:26 AM,05:41 PM,-1,19,19,19,11,2,27,0.0,1012,19,10,327,10
2019-10-13 15:00:00,19,7,0.0,8.7,1,1,99,06:05 PM,06:05 AM,06:26 AM,05:41 PM,4,18,18,18,15,0,40,0.0,1011,18,10,327,13
2019-10-13 18:00:00,19,7,0.0,8.7,1,1,99,06:05 PM,06:05 AM,06:26 AM,05:41 PM,5,15,15,15,13,2,63,0.0,1012,15,7,340,10
2019-10-13 21:00:00,19,7,0.0,8.7,1,1,99,06:05 PM,06:05 AM,06:26 AM,05:41 PM,6,11,14,11,12,19,95,0.0,1013,11,2,351,6
2019-10-14 00:00:00,22,7,0.0,8.7,1,1,100,06:32 PM,07:04 AM,06:27 AM,05:39 PM,6,9,11,9,8,28,91,0.0,1014,9,5,263,4
2019-10-14 03:00:00,22,7,0.0,8.7,1,1,100,06:32 PM,07:04 AM,06:27 AM,05:39 PM,4,8,8,8,5,0,79,0.0,1014,8,10,77,3
2019-10-14 06:00:00,22,7,0.0,8.7,1,1,100,06:32 PM,07:04 AM,06:27 AM,05:39 PM,0,7,8,7,10,0,60,0.0,1014,8,10,90,5
2019-10-14 09:00:00,22,7,0.0,8.7,1,1,100,06:32 PM,07:04 AM,06:27 AM,05:39 PM,-1,13,14,13,9,13,39,0.0,1015,14,10,173,5
2019-10-14 12:00:00,22,7,0.0,8.7,1,1,100,06:32 PM,07:04 AM,06:27 AM,05:39 PM,1,22,23,22,6,29,25,0.0,1014,22,10,325,6
2019-10-14 15:00:00,22,7,0.0,8.7,1,1,100,06:32 PM,07:04 AM,06:27 AM,05:39 PM,3,20,21,20,12,5,33,0.0,1013,20,10,313,9
2019-10-14 18:00:00,22,7,0.0,8.7,1,1,100,06:32 PM,07:04 AM,06:27 AM,05:39 PM,4,14,16,14,10,4,55,0.0,1014,14,10,323,5
2019-10-14 21:00:00,22,7,0.0,8.7,1,1,100,06:32 PM,07:04 AM,06:27 AM,05:39 PM,5,11,13,11,5,0,80,0.0,1017,11,10,258,2
2019-10-15 00:00:00,22,8,0.0,8.7,1,1,86,07:00 PM,08:05 AM,06:28 AM,05:38 PM,4,9,9,9,11,0,71,0.0,1017,9,10,122,5
2019-10-15 03:00:00,22,8,0.0,8.7,1,1,86,07:00 PM,08:05 AM,06:28 AM,05:38 PM,2,9,10,9,13,0,58,0.0,1017,10,10,141,6
2019-10-15 06:00:00,22,8,0.0,8.7,1,1,86,07:00 PM,08:05 AM,06:28 AM,05:38 PM,-0,11,11,11,8,3,47,0.0,1018,11,10,153,4
2019-10-15 09:00:00,22,8,0.0,8.7,1,1,86,07:00 PM,08:05 AM,06:28 AM,05:38 PM,-0,14,14,14,6,7,39,0.0,1019,14,10,180,3
2019-10-15 12:00:00,22,8,0.0,8.7,1,1,86,07:00 PM,08:05 AM,06:28 AM,05:38 PM,3,21,21,21,4,3,29,0.0,1018,21,10,238,4
2019-10-15 15:00:00,22,8,0.0,8.7,1,1,86,07:00 PM,08:05 AM,06:28 AM,05:38 PM,6,20,21,20,9,35,40,0.0,1017,20,10,277,8
2019-10-15 18:00:00,22,8,0.0,8.7,1,1,86,07:00 PM,08:05 AM,06:28 AM,05:38 PM,8,15,16,15,6,69,69,0.0,1017,15,7,278,5
2019-10-15 21:00:00,22,8,0.0,8.7,1,1,86,07:00 PM,08:05 AM,06:28 AM,05:38 PM,8,10,13,10,5,5,95,0.0,1018,11,5,202,3
2019-10-16 00:00:00,21,7,0.0,7.2,1,1,79,07:33 PM,09:06 AM,06:29 AM,05:36 PM,6,7,8,7,12,0,90,0.0,1018,8,10,154,6
2019-10-16 03:00:00,21,7,0.0,7.2,1,1,79,07:33 PM,09:06 AM,06:29 AM,05:36 PM,5,5,7,5,17,1,85,0.0,1017,7,10,137,8
2019-10-16 06:00:00,21,7,0.0,7.2,1,1,79,07:33 PM,09:06 AM,06:29 AM,05:36 PM,4,6,7,6,20,4,80,0.0,1016,7,10,137,9
2019-10-16 09:00:00,21,7,0.0,7.2,1,1,79,07:33 PM,09:06 AM,06:29 AM,05:36 PM,5,11,12,11,19,12,63,0.0,1015,12,10,139,11
2019-10-16 12:00:00,21,7,0.0,7.2,1,1,79,07:33 PM,09:06 AM,06:29 AM,05:36 PM,8,19,19,19,15,45,47,0.0,1014,19,10,165,13
2019-10-16 15:00:00,21,7,0.0,7.2,1,1,79,07:33 PM,09:06 AM,06:29 AM,05:36 PM,11,18,18,18,16,100,69,0.6,1012,18,10,189,12
2019-10-16 18:00:00,21,7,0.0,7.2,1,1,79,07:33 PM,09:06 AM,06:29 AM,05:36 PM,10,10,11,10,12,87,96,1.2,1012,11,8,181,6
2019-10-16 21:00:00,21,7,0.0,7.2,1,1,79,07:33 PM,09:06 AM,06:29 AM,05:36 PM,8,8,9,8,10,74,97,1.2,1013,9,6,214,5
2019-10-17 00:00:00,16,6,0.0,4.1,1,1,72,08:10 PM,10:09 AM,06:30 AM,05:35 PM,7,8,8,8,6,90,96,2.1,1014,8,8,236,3
2019-10-17 03:00:00,16,6,0.0,4.1,1,1,72,08:10 PM,10:09 AM,06:30 AM,05:35 PM,6,7,7,7,2,75,94,0.1,1014,7,7,60,1
2019-10-17 06:00:00,16,6,0.0,4.1,1,1,72,08:10 PM,10:09 AM,06:30 AM,05:35 PM,7,7,7,7,6,90,95,0.1,1014,7,5,133,3
2019-10-17 09:00:00,16,6,0.0,4.1,1,1,72,08:10 PM,10:09 AM,06:30 AM,05:35 PM,9,10,11,10,8,93,90,0.0,1015,11,10,140,5
2019-10-17 12:00:00,16,6,0.0,4.1,1,1,72,08:10 PM,10:09 AM,06:30 AM,05:35 PM,10,14,14,14,6,80,77,0.2,1016,14,10,197,5
2019-10-17 15:00:00,16,6,0.0,4.1,1,1,72,08:10 PM,10:09 AM,06:30 AM,05:35 PM,7,14,14,14,13,80,63,0.6,1016,14,9,288,9
2019-10-17 18:00:00,16,6,0.0,4.1,1,1,72,08:10 PM,10:09 AM,06:30 AM,05:35 PM,4,10,12,10,17,64,68,0.5,1016,11,10,244,9
2019-10-17 21:00:00,16,6,0.0,4.1,1,1,72,08:10 PM,10:09 AM,06:30 AM,05:35 PM,4,8,10,8,13,34,88,0.0,1017,8,10,134,6
2019-10-18 00:00:00,17,6,0.0,8.7,1,1,64,08:54 PM,11:11 AM,06:31 AM,05:33 PM,3,4,6,4,17,64,83,0.0,1018,6,10,136,8
2019-10-18 03:00:00,17,6,0.0,8.7,1,1,64,08:54 PM,11:11 AM,06:31 AM,05:33 PM,3,5,7,5,14,100,78,0.0,1018,7,10,141,7
2019-10-18 06:00:00,17,6,0.0,8.7,1,1,64,08:54 PM,11:11 AM,06:31 AM,05:33 PM,5,8,8,8,6,88,78,0.0,1018,8,10,200,3
2019-10-18 09:00:00,17,6,0.0,8.7,1,1,64,08:54 PM,11:11 AM,06:31 AM,05:33 PM,8,13,13,13,4,50,75,0.0,1019,13,10,320,3
2019-10-18 12:00:00,17,6,0.0,8.7,1,1,64,08:54 PM,11:11 AM,06:31 AM,05:33 PM,7,16,16,16,10,17,55,0.0,1019,16,10,320,9
2019-10-18 15:00:00,17,6,0.0,8.7,1,1,64,08:54 PM,11:11 AM,06:31 AM,05:33 PM,5,15,15,15,14,7,51,0.0,1017,15,10,311,11
2019-10-18 18:00:00,17,6,0.0,8.7,1,1,64,08:54 PM,11:11 AM,06:31 AM,05:33 PM,3,10,11,10,11,28,67,0.0,1018,11,10,240,6
2019-10-18 21:00:00,17,6,0.0,8.7,1,1,64,08:54 PM,11:11 AM,06:31 AM,05:33 PM,4,8,10,8,6,64,87,0.0,1019,8,10,113,3
2019-10-19 00:00:00,16,8,0.0,4.1,1,1,57,09:46 PM,12:11 PM,06:32 AM,05:32 PM,4,7,8,7,14,100,77,0.0,1018,8,10,143,7
2019-10-19 03:00:00,16,8,0.0,4.1,1,1,57,09:46 PM,12:11 PM,06:32 AM,05:32 PM,6,9,11,9,17,100,75,0.2,1017,11,7,150,9
2019-10-19 06:00:00,16,8,0.0,4.1,1,1,57,09:46 PM,12:11 PM,06:32 AM,05:32 PM,9,10,11,10,13,100,86,0.7,1017,11,5,150,9
2019-10-19 09:00:00,16,8,0.0,4.1,1,1,57,09:46 PM,12:11 PM,06:32 AM,05:32 PM,11,12,12,12,8,100,94,1.5,1019,12,10,209,6
2019-10-19 12:00:00,16,8,0.0,4.1,1,1,57,09:46 PM,12:11 PM,06:32 AM,05:32 PM,12,15,15,15,8,91,85,1.2,1020,15,10,332,6
2019-10-19 15:00:00,16,8,0.0,4.1,1,1,57,09:46 PM,12:11 PM,06:32 AM,05:32 PM,9,15,15,15,14,77,68,0.3,1019,15,9,335,11
2019-10-19 18:00:00,16,8,0.0,4.1,1,1,57,09:46 PM,12:11 PM,06:32 AM,05:32 PM,6,12,13,12,13,67,74,0.2,1019,12,7,231,9
2019-10-19 21:00:00,16,8,0.0,4.1,1,1,57,09:46 PM,12:11 PM,06:32 AM,05:32 PM,5,10,13,10,7,28,94,0.0,1021,10,5,31,4
2019-10-20 00:00:00,16,5,0.0,4.1,1,1,50,10:45 PM,01:07 PM,06:34 AM,05:30 PM,4,7,9,7,8,31,90,0.0,1022,7,10,81,4
2019-10-20 03:00:00,16,5,0.0,4.1,1,1,50,10:45 PM,01:07 PM,06:34 AM,05:30 PM,3,5,6,5,11,27,81,0.0,1022,6,10,106,5
2019-10-20 06:00:00,16,5,0.0,4.1,1,1,50,10:45 PM,01:07 PM,06:34 AM,05:30 PM,3,8,9,8,9,55,67,0.0,1021,9,10,110,5
2019-10-20 09:00:00,16,5,0.0,4.1,1,1,50,10:45 PM,01:07 PM,06:34 AM,05:30 PM,4,13,13,13,7,99,55,0.0,1021,13,10,144,4
2019-10-20 12:00:00,16,5,0.0,4.1,1,1,50,10:45 PM,01:07 PM,06:34 AM,05:30 PM,4,16,16,16,3,100,48,0.0,1021,16,10,181,3
2019-10-20 15:00:00,16,5,0.0,4.1,1,1,50,10:45 PM,01:07 PM,06:34 AM,05:30 PM,6,14,14,14,4,100,61,0.1,1021,14,7,163,3
2019-10-20 18:00:00,16,5,0.0,4.1,1,1,50,10:45 PM,01:07 PM,06:34 AM,05:30 PM,6,9,9,9,5,96,81,0.3,1021,9,5,60,2
2019-10-20 21:00:00,16,5,0.0,4.1,1,1,50,10:45 PM,01:07 PM,06:34 AM,05:30 PM,6,8,8,8,4,76,90,0.0,1022,8,10,20,2
2019-10-21 00:00:00,18,8,0.0,8.7,1,1,43,11:51 PM,01:58 PM,06:35 AM,05:29 PM,6,8,8,8,7,45,92,0.0,1023,8,10,29,3
2019-10-21 03:00:00,18,8,0.0,8.7,1,1,43,11:51 PM,01:58 PM,06:35 AM,05:29 PM,7,8,8,8,8,23,94,0.0,1023,8,7,38,4
2019-10-21 06:00:00,18,8,0.0,8.7,1,1,43,11:51 PM,01:58 PM,06:35 AM,05:29 PM,8,8,9,8,9,11,96,0.0,1024,9,2,16,5
2019-10-21 09:00:00,18,8,0.0,8.7,1,1,43,11:51 PM,01:58 PM,06:35 AM,05:29 PM,9,12,12,12,10,13,84,0.0,1024,12,5,122,6
2019-10-21 12:00:00,18,8,0.0,8.7,1,1,43,11:51 PM,01:58 PM,06:35 AM,05:29 PM,9,18,18,18,13,10,56,0.0,1024,18,10,339,12
2019-10-21 15:00:00,18,8,0.0,8.7,1,1,43,11:51 PM,01:58 PM,06:35 AM,05:29 PM,8,18,18,18,16,9,51,0.0,1023,18,10,340,14
2019-10-21 18:00:00,18,8,0.0,8.7,1,1,43,11:51 PM,01:58 PM,06:35 AM,05:29 PM,7,15,16,15,14,5,66,0.0,1023,15,10,230,11
2019-10-21 21:00:00,18,8,0.0,8.7,1,1,43,11:51 PM,01:58 PM,06:35 AM,05:29 PM,7,12,13,12,13,5,87,0.0,1024,12,10,121,6
2019-10-22 00:00:00,20,9,0.0,8.7,1,1,35,No moonrise,02:42 PM,06:36 AM,05:28 PM,8,9,10,9,13,0,89,0.0,1025,10,10,358,6
2019-10-22 03:00:00,20,9,0.0,8.7,1,1,35,No moonrise,02:42 PM,06:36 AM,05:28 PM,8,9,9,9,12,0,89,0.0,1024,9,10,246,6
2019-10-22 06:00:00,20,9,0.0,8.7,1,1,35,No moonrise,02:42 PM,06:36 AM,05:28 PM,6,9,9,9,11,1,82,0.0,1024,9,10,15,5
2019-10-22 09:00:00,20,9,0.0,8.7,1,1,35,No moonrise,02:42 PM,06:36 AM,05:28 PM,8,14,14,14,12,1,69,0.0,1024,14,10,116,8
2019-10-22 12:00:00,20,9,0.0,8.7,1,1,35,No moonrise,02:42 PM,06:36 AM,05:28 PM,10,20,20,20,15,1,52,0.0,1024,20,10,337,13
2019-10-22 15:00:00,20,9,0.0,8.7,1,1,35,No moonrise,02:42 PM,06:36 AM,05:28 PM,10,18,18,18,21,2,61,0.0,1022,18,10,336,15
2019-10-22 18:00:00,20,9,0.0,8.7,1,1,35,No moonrise,02:42 PM,06:36 AM,05:28 PM,8,11,12,11,24,12,79,0.0,1022,12,7,338,12
2019-10-22 21:00:00,20,9,0.0,8.7,1,1,35,No moonrise,02:42 PM,06:36 AM,05:28 PM,10,9,10,9,18,83,97,0.0,1022,10,1,349,9
2019-10-23 00:00:00,23,8,0.0,8.7,1,1,28,01:01 AM,03:22 PM,06:37 AM,05:26 PM,9,9,10,9,13,37,97,0.0,1022,10,2,351,6
2019-10-23 03:00:00,23,8,0.0,8.7,1,1,28,01:01 AM,03:22 PM,06:37 AM,05:26 PM,8,8,9,8,12,9,96,0.0,1021,9,5,244,6
2019-10-23 06:00:00,23,8,0.0,8.7,1,1,28,01:01 AM,03:22 PM,06:37 AM,05:26 PM,8,9,9,9,11,0,92,0.0,1020,9,10,19,5
2019-10-23 09:00:00,23,8,0.0,8.7,1,1,28,01:01 AM,03:22 PM,06:37 AM,05:26 PM,10,14,15,14,12,0,76,0.0,1020,15,10,123,7
2019-10-23 12:00:00,23,8,0.0,8.7,1,1,28,01:01 AM,03:22 PM,06:37 AM,05:26 PM,9,21,22,21,13,0,47,0.0,1019,21,10,341,11
2019-10-23 15:00:00,23,8,0.0,8.7,1,1,28,01:01 AM,03:22 PM,06:37 AM,05:26 PM,7,21,22,21,19,0,41,0.0,1017,21,10,336,13
2019-10-23 18:00:00,23,8,0.0,8.7,1,1,28,01:01 AM,03:22 PM,06:37 AM,05:26 PM,3,15,16,15,19,0,48,0.0,1017,15,10,253,9
2019-10-23 21:00:00,23,8,0.0,8.7,1,1,28,01:01 AM,03:22 PM,06:37 AM,05:26 PM,1,12,14,12,13,0,52,0.0,1019,12,10,84,6
2019-10-24 00:00:00,32,12,0.0,8.7,1,1,21,02:14 AM,03:57 PM,06:38 AM,05:25 PM,-3,11,12,11,16,0,36,0.0,1019,12,10,86,8
2019-10-24 03:00:00,32,12,0.0,8.7,1,1,21,02:14 AM,03:57 PM,06:38 AM,05:25 PM,-5,11,12,11,19,0,32,0.0,1018,12,10,88,9
2019-10-24 06:00:00,32,12,0.0,8.7,1,1,21,02:14 AM,03:57 PM,06:38 AM,05:25 PM,-5,12,13,12,21,0,28,0.0,1018,13,10,96,10
2019-10-24 09:00:00,32,12,0.0,8.7,1,1,21,02:14 AM,03:57 PM,06:38 AM,05:25 PM,-3,19,19,19,17,0,23,0.0,1018,19,10,101,9
2019-10-24 12:00:00,32,12,0.0,8.7,1,1,21,02:14 AM,03:57 PM,06:38 AM,05:25 PM,-1,26,26,28,5,0,15,0.0,1018,28,10,169,5
2019-10-24 15:00:00,32,12,0.0,8.7,1,1,21,02:14 AM,03:57 PM,06:38 AM,05:25 PM,0,26,26,28,8,0,17,0.0,1017,28,10,307,5
2019-10-24 18:00:00,32,12,0.0,8.7,1,1,21,02:14 AM,03:57 PM,06:38 AM,05:25 PM,-1,19,20,19,12,0,27,0.0,1017,19,10,246,6
2019-10-24 21:00:00,32,12,0.0,8.7,1,1,21,02:14 AM,03:57 PM,06:38 AM,05:25 PM,-2,16,18,16,11,0,30,0.0,1019,16,10,111,5
2019-10-25 00:00:00,27,14,0.0,8.7,1,1,13,03:29 AM,04:30 PM,06:39 AM,05:23 PM,-3,16,16,16,15,0,27,0.0,1020,16,10,128,7
2019-10-25 03:00:00,27,14,0.0,8.7,1,1,13,03:29 AM,04:30 PM,06:39 AM,05:23 PM,-3,16,16,16,15,0,26,0.0,1021,16,10,122,7
2019-10-25 06:00:00,27,14,0.0,8.7,1,1,13,03:29 AM,04:30 PM,06:39 AM,05:23 PM,-3,17,17,17,15,0,26,0.0,1021,17,10,123,7
2019-10-25 09:00:00,27,14,0.0,8.7,1,1,13,03:29 AM,04:30 PM,06:39 AM,05:23 PM,-2,20,19,20,13,0,23,0.0,1021,20,10,190,7
2019-10-25 12:00:00,27,14,0.0,8.7,1,1,13,03:29 AM,04:30 PM,06:39 AM,05:23 PM,1,25,25,26,9,0,20,0.0,1021,26,10,336,8
2019-10-25 15:00:00,27,14,0.0,8.7,1,1,13,03:29 AM,04:30 PM,06:39 AM,05:23 PM,5,23,23,23,13,0,30,0.0,1019,23,10,336,11
2019-10-25 18:00:00,27,14,0.0,8.7,1,1,13,03:29 AM,04:30 PM,06:39 AM,05:23 PM,6,20,21,20,14,0,52,0.0,1019,20,10,343,10
2019-10-25 21:00:00,27,14,0.0,8.7,1,1,13,03:29 AM,04:30 PM,06:39 AM,05:23 PM,8,16,19,16,14,1,84,0.0,1020,16,10,354,6
2019-10-26 00:00:00,16,5,0.0,8.7,1,1,6,04:43 AM,05:02 PM,06:40 AM,05:22 PM,9,13,14,13,13,13,91,0.0,1019,13,10,347,6
2019-10-26 03:00:00,16,5,0.0,8.7,1,1,6,04:43 AM,05:02 PM,06:40 AM,05:22 PM,9,9,10,9,13,32,93,0.0,1018,10,7,231,8
2019-10-26 06:00:00,16,5,0.0,8.7,1,1,6,04:43 AM,05:02 PM,06:40 AM,05:22 PM,8,8,9,8,14,17,94,0.0,1017,9,5,121,7
2019-10-26 09:00:00,16,5,0.0,8.7,1,1,6,04:43 AM,05:02 PM,06:40 AM,05:22 PM,7,9,10,9,14,1,82,0.0,1016,10,10,351,8
2019-10-26 12:00:00,16,5,0.0,8.7,1,1,6,04:43 AM,05:02 PM,06:40 AM,05:22 PM,6,15,15,15,16,0,55,0.0,1015,15,10,338,14
2019-10-26 15:00:00,16,5,0.0,8.7,1,1,6,04:43 AM,05:02 PM,06:40 AM,05:22 PM,3,14,14,14,23,0,47,0.0,1012,14,10,338,17
2019-10-26 18:00:00,16,5,0.0,8.7,1,1,6,04:43 AM,05:02 PM,06:40 AM,05:22 PM,1,9,11,9,28,0,57,0.0,1012,10,10,341,15
2019-10-26 21:00:00,16,5,0.0,8.7,1,1,6,04:43 AM,05:02 PM,06:40 AM,05:22 PM,1,6,9,6,22,0,70,0.0,1013,7,10,349,11
2019-10-27 00:00:00,19,3,0.0,8.7,1,1,0,05:58 AM,05:34 PM,06:41 AM,05:21 PM,-2,4,5,4,16,0,63,0.0,1014,5,10,260,8
2019-10-27 03:00:00,19,3,0.0,8.7,1,1,0,05:58 AM,05:34 PM,06:41 AM,05:21 PM,-7,3,4,3,15,0,44,0.0,1015,4,10,56,8
2019-10-27 06:00:00,19,3,0.0,8.7,1,1,0,05:58 AM,05:34 PM,06:41 AM,05:21 PM,-8,2,4,2,13,0,43,0.0,1018,4,10,40,6
2019-10-27 09:00:00,19,3,0.0,8.7,1,1,0,05:58 AM,05:34 PM,06:41 AM,05:21 PM,-7,7,8,7,11,0,35,0.0,1019,8,10,58,6
2019-10-27 12:00:00,19,3,0.0,8.7,1,1,0,05:58 AM,05:34 PM,06:41 AM,05:21 PM,-6,16,16,16,8,0,21,0.0,1018,16,10,142,7
2019-10-27 15:00:00,19,3,0.0,8.7,1,1,0,05:58 AM,05:34 PM,06:41 AM,05:21 PM,-6,16,16,16,14,1,22,0.0,1017,16,10,359,10
2019-10-27 18:00:00,19,3,0.0,8.7,1,1,0,05:58 AM,05:34 PM,06:41 AM,05:21 PM,-6,8,10,8,16,2,36,0.0,1018,9,10,271,8
2019-10-27 21:00:00,19,3,0.0,8.7,1,1,0,05:58 AM,05:34 PM,06:41 AM,05:21 PM,-8,5,8,5,14,27,42,0.0,1020,6,10,97,7
2019-10-28 00:00:00,18,3,0.0,8.7,1,1,0,07:12 AM,06:08 PM,06:43 AM,05:20 PM,-10,3,5,3,17,59,33,0.0,1019,5,10,100,8
2019-10-28 03:00:00,18,3,0.0,8.7,1,1,0,07:12 AM,06:08 PM,06:43 AM,05:20 PM,-12,2,4,2,17,13,31,0.0,1019,4,10,99,8
2019-10-28 06:00:00,18,3,0.0,8.7,1,1,0,07:12 AM,06:08 PM,06:43 AM,05:20 PM,-12,2,4,2,16,2,28,0.0,1018,4,10,110,8
2019-10-28 09:00:00,18,3,0.0,8.7,1,1,0,07:12 AM,06:08 PM,06:43 AM,05:20 PM,-11,10,11,10,11,0,22,0.0,1018,11,10,178,6
2019-10-28 12:00:00,18,3,0.0,8.7,1,1,0,07:12 AM,06:08 PM,06:43 AM,05:20 PM,-8,18,18,18,6,0,16,0.0,1018,18,10,303,5
2019-10-28 15:00:00,18,3,0.0,8.7,1,1,0,07:12 AM,06:08 PM,06:43 AM,05:20 PM,-6,15,16,15,14,0,22,0.0,1016,16,10,317,10
2019-10-28 18:00:00,18,3,0.0,8.7,1,1,0,07:12 AM,06:08 PM,06:43 AM,05:20 PM,-7,8,11,8,15,0,34,0.0,1017,9,10,229,8
2019-10-28 21:00:00,18,3,0.0,8.7,1,1,0,07:12 AM,06:08 PM,06:43 AM,05:20 PM,-8,6,9,6,7,1,42,0.0,1018,6,10,32,3
2019-10-29 00:00:00,22,3,0.0,8.7,1,1,1,08:25 AM,06:46 PM,06:44 AM,05:18 PM,-7,3,3,3,5,1,46,0.0,1017,3,10,45,3
2019-10-29 03:00:00,22,3,0.0,8.7,1,1,1,08:25 AM,06:46 PM,06:44 AM,05:18 PM,-4,4,4,4,4,0,55,0.0,1016,4,10,76,2
2019-10-29 06:00:00,22,3,0.0,8.7,1,1,1,08:25 AM,06:46 PM,06:44 AM,05:18 PM,-5,5,5,5,8,0,49,0.0,1017,5,10,60,4
2019-10-29 09:00:00,22,3,0.0,8.7,1,1,1,08:25 AM,06:46 PM,06:44 AM,05:18 PM,-6,10,10,10,9,0,35,0.0,1017,10,10,37,5
2019-10-29 12:00:00,22,3,0.0,8.7,1,1,1,08:25 AM,06:46 PM,06:44 AM,05:18 PM,-4,19,19,19,6,0,21,0.0,1016,19,10,127,6
2019-10-29 15:00:00,22,3,0.0,8.7,1,1,1,08:25 AM,06:46 PM,06:44 AM,05:18 PM,-3,18,19,18,11,0,23,0.0,1015,19,10,352,7
2019-10-29 18:00:00,22,3,0.0,8.7,1,1,1,08:25 AM,06:46 PM,06:44 AM,05:18 PM,-4,11,13,11,16,0,35,0.0,1016,12,10,258,8
2019-10-29 21:00:00,22,3,0.0,8.7,1,1,1,08:25 AM,06:46 PM,06:44 AM,05:18 PM,-9,8,11,8,18,0,35,0.0,1017,9,10,99,8
2019-10-30 00:00:00,20,6,0.0,8.7,1,1,8,09:36 AM,07:29 PM,06:45 AM,05:17 PM,-16,5,7,5,21,0,18,0.0,1018,7,10,112,10
2019-10-30 03:00:00,20,6,0.0,8.7,1,1,8,09:36 AM,07:29 PM,06:45 AM,05:17 PM,-19,4,6,4,21,0,14,0.0,1018,6,10,116,10
2019-10-30 06:00:00,20,6,0.0,8.7,1,1,8,09:36 AM,07:29 PM,06:45 AM,05:17 PM,-20,4,6,4,20,0,14,0.0,1019,6,10,123,9
2019-10-30 09:00:00,20,6,0.0,8.7,1,1,8,09:36 AM,07:29 PM,06:45 AM,05:17 PM,-17,9,10,9,14,0,13,0.0,1020,10,10,138,7
2019-10-30 12:00:00,20,6,0.0,8.7,1,1,8,09:36 AM,07:29 PM,06:45 AM,05:17 PM,-12,19,19,19,4,0,11,0.0,1021,19,10,200,4
2019-10-30 15:00:00,20,6,0.0,8.7,1,1,8,09:36 AM,07:29 PM,06:45 AM,05:17 PM,-8,18,18,18,8,0,17,0.0,1020,18,10,293,6
2019-10-30 18:00:00,20,6,0.0,8.7,1,1,8,09:36 AM,07:29 PM,06:45 AM,05:17 PM,-4,12,13,12,10,2,35,0.0,1021,12,10,238,6
2019-10-30 21:00:00,20,6,0.0,8.7,1,1,8,09:36 AM,07:29 PM,06:45 AM,05:17 PM,-3,8,11,8,9,6,50,0.0,1023,9,10,106,4
2019-10-31 00:00:00,20,8,0.0,8.7,1,1,12,10:41 AM,08:16 PM,06:46 AM,05:16 PM,-7,6,7,6,16,6,38,0.0,1025,7,10,121,8
2019-10-31 03:00:00,20,8,0.0,8.7,1,1,12,10:41 AM,08:16 PM,06:46 AM,05:16 PM,-9,6,8,6,18,5,30,0.0,1025,8,10,115,9
2019-10-31 06:00:00,20,8,0.0,8.7,1,1,12,10:41 AM,08:16 PM,06:46 AM,05:16 PM,-10,7,9,7,17,3,26,0.0,1025,9,10,113,8
2019-10-31 09:00:00,20,8,0.0,8.7,1,1,12,10:41 AM,08:16 PM,06:46 AM,05:16 PM,-10,12,12,12,12,0,21,0.0,1025,12,10,188,6
2019-10-31 12:00:00,20,8,0.0,8.7,1,1,12,10:41 AM,08:16 PM,06:46 AM,05:16 PM,-8,20,20,20,8,0,14,0.0,1024,20,10,339,7
2019-10-31 15:00:00,20,8,0.0,8.7,1,1,12,10:41 AM,08:16 PM,06:46 AM,05:16 PM,-7,19,19,19,14,0,17,0.0,1022,19,10,334,12
2019-10-31 18:00:00,20,8,0.0,8.7,1,1,12,10:41 AM,08:16 PM,06:46 AM,05:16 PM,-6,14,15,14,12,0,28,0.0,1022,14,10,237,8
2019-10-31 21:00:00,20,8,0.0,8.7,1,1,12,10:41 AM,08:16 PM,06:46 AM,05:16 PM,-6,11,12,11,10,0,37,0.0,1023,11,10,35,5
2019-11-01 00:00:00,22,8,0.0,8.7,1,1,24,11:40 AM,09:09 PM,06:47 AM,05:14 PM,-8,7,8,7,9,0,32,0.0,1023,8,10,68,4
2019-11-01 03:00:00,22,8,0.0,8.7,1,1,24,11:40 AM,09:09 PM,06:47 AM,05:14 PM,-9,7,8,7,10,0,29,0.0,1022,8,10,105,5
2019-11-01 06:00:00,22,8,0.0,8.7,1,1,24,11:40 AM,09:09 PM,06:47 AM,05:14 PM,-9,8,8,8,11,0,28,0.0,1022,8,10,119,5
2019-11-01 09:00:00,22,8,0.0,8.7,1,1,24,11:40 AM,09:09 PM,06:47 AM,05:14 PM,-7,13,13,13,8,0,24,0.0,1022,13,10,176,4
2019-11-01 12:00:00,22,8,0.0,8.7,1,1,24,11:40 AM,09:09 PM,06:47 AM,05:14 PM,-5,21,21,21,5,0,17,0.0,1021,21,10,286,4
2019-11-01 15:00:00,22,8,0.0,8.7,1,1,24,11:40 AM,09:09 PM,06:47 AM,05:14 PM,-5,19,19,19,11,0,21,0.0,1020,19,10,311,8
2019-11-01 18:00:00,22,8,0.0,8.7,1,1,24,11:40 AM,09:09 PM,06:47 AM,05:14 PM,-4,12,12,12,12,0,34,0.0,1020,12,10,252,5
2019-11-01 21:00:00,22,8,0.0,8.7,1,1,24,11:40 AM,09:09 PM,06:47 AM,05:14 PM,-3,8,8,8,9,0,46,0.0,1020,8,10,120,4
2019-11-02 00:00:00,24,8,0.0,8.7,1,1,31,12:31 PM,10:05 PM,06:48 AM,05:13 PM,-4,7,8,7,11,0,44,0.0,1021,8,10,128,5
2019-11-02 03:00:00,24,8,0.0,8.7,1,1,31,12:31 PM,10:05 PM,06:48 AM,05:13 PM,-4,7,8,7,10,2,43,0.0,1021,8,10,131,5
2019-11-02 06:00:00,24,8,0.0,8.7,1,1,31,12:31 PM,10:05 PM,06:48 AM,05:13 PM,-4,9,9,9,10,3,41,0.0,1021,9,10,129,5
2019-11-02 09:00:00,24,8,0.0,8.7,1,1,31,12:31 PM,10:05 PM,06:48 AM,05:13 PM,-2,15,15,15,9,2,33,0.0,1021,15,10,158,4
2019-11-02 12:00:00,24,8,0.0,8.7,1,1,31,12:31 PM,10:05 PM,06:48 AM,05:13 PM,0,23,23,23,5,0,21,0.0,1020,23,10,256,4
2019-11-02 15:00:00,24,8,0.0,8.7,1,1,31,12:31 PM,10:05 PM,06:48 AM,05:13 PM,-0,21,20,21,12,0,25,0.0,1018,21,10,315,8
2019-11-02 18:00:00,24,8,0.0,8.7,1,1,31,12:31 PM,10:05 PM,06:48 AM,05:13 PM,-2,14,16,14,12,0,37,0.0,1018,14,10,244,6
2019-11-02 21:00:00,24,8,0.0,8.7,1,1,31,12:31 PM,10:05 PM,06:48 AM,05:13 PM,-0,11,14,11,9,0,52,0.0,1019,11,10,72,4
2019-11-03 00:00:00,23,8,0.0,8.7,1,1,39,01:16 PM,11:03 PM,06:49 AM,05:12 PM,-1,8,8,8,9,0,51,0.0,1019,8,10,79,5
2019-11-03 03:00:00,23,8,0.0,8.7,1,1,39,01:16 PM,11:03 PM,06:49 AM,05:12 PM,-2,8,8,8,10,0,49,0.0,1018,8,10,103,5
2019-11-03 06:00:00,23,8,0.0,8.7,1,1,39,01:16 PM,11:03 PM,06:49 AM,05:12 PM,-0,10,10,10,9,0,49,0.0,1018,10,10,102,4
2019-11-03 09:00:00,23,8,0.0,8.7,1,1,39,01:16 PM,11:03 PM,06:49 AM,05:12 PM,2,16,16,16,7,0,42,0.0,1017,16,10,185,4
2019-11-03 12:00:00,23,8,0.0,8.7,1,1,39,01:16 PM,11:03 PM,06:49 AM,05:12 PM,4,24,24,23,6,0,28,0.0,1016,23,10,327,5
2019-11-03 15:00:00,23,8,0.0,8.7,1,1,39,01:16 PM,11:03 PM,06:49 AM,05:12 PM,4,21,21,21,13,0,34,0.0,1015,21,10,324,9
2019-11-03 18:00:00,23,8,0.0,8.7,1,1,39,01:16 PM,11:03 PM,06:49 AM,05:12 PM,2,14,15,14,14,0,47,0.0,1014,14,10,236,7
2019-11-03 21:00:00,23,8,0.0,8.7,1,1,39,01:16 PM,11:03 PM,06:49 AM,05:12 PM,1,11,13,11,6,0,60,0.0,1015,11,10,41,3
2019-11-04 00:00:00,24,9,0.0,8.7,1,1,46,01:53 PM,No moonset,06:51 AM,05:11 PM,1,9,9,9,5,0,60,0.0,1016,9,10,65,3
2019-11-04 03:00:00,24,9,0.0,8.7,1,1,46,01:53 PM,No moonset,06:51 AM,05:11 PM,1,9,9,9,8,0,55,0.0,1015,9,10,103,4
2019-11-04 06:00:00,24,9,0.0,8.7,1,1,46,01:53 PM,No moonset,06:51 AM,05:11 PM,1,10,10,10,10,0,51,0.0,1015,10,10,117,5
2019-11-04 09:00:00,24,9,0.0,8.7,1,1,46,01:53 PM,No moonset,06:51 AM,05:11 PM,3,16,16,16,9,0,42,0.0,1015,16,10,175,5
2019-11-04 12:00:00,24,9,0.0,8.7,1,1,46,01:53 PM,No moonset,06:51 AM,05:11 PM,4,24,24,24,5,0,28,0.0,1015,24,10,286,5
2019-11-04 15:00:00,24,9,0.0,8.7,1,1,46,01:53 PM,No moonset,06:51 AM,05:11 PM,4,21,21,21,11,0,32,0.0,1015,21,10,312,8
2019-11-04 18:00:00,24,9,0.0,8.7,1,1,46,01:53 PM,No moonset,06:51 AM,05:11 PM,2,15,15,15,12,0,46,0.0,1015,15,10,246,5
2019-11-04 21:00:00,24,9,0.0,8.7,1,1,46,01:53 PM,No moonset,06:51 AM,05:11 PM,2,12,13,12,7,0,57,0.0,1016,11,10,77,4
2019-11-05 00:00:00,22,8,0.0,5.5,1,1,54,02:25 PM,12:02 AM,06:52 AM,05:10 PM,1,9,9,9,8,0,56,0.0,1017,9,10,69,4
2019-11-05 03:00:00,22,8,0.0,5.5,1,1,54,02:25 PM,12:02 AM,06:52 AM,05:10 PM,-1,9,9,9,10,5,50,0.0,1017,9,10,109,5
2019-11-05 06:00:00,22,8,0.0,5.5,1,1,54,02:25 PM,12:02 AM,06:52 AM,05:10 PM,0,10,10,10,9,14,50,0.0,1017,10,10,100,4
2019-11-05 09:00:00,22,8,0.0,5.5,1,1,54,02:25 PM,12:02 AM,06:52 AM,05:10 PM,3,16,16,16,6,24,45,0.0,1018,15,10,158,4
2019-11-05 12:00:00,22,8,0.0,5.5,1,1,54,02:25 PM,12:02 AM,06:52 AM,05:10 PM,5,22,23,22,6,66,34,0.0,1018,22,10,316,5
2019-11-05 15:00:00,22,8,0.0,5.5,1,1,54,02:25 PM,12:02 AM,06:52 AM,05:10 PM,7,18,18,18,13,68,48,0.0,1017,18,10,331,9
2019-11-05 18:00:00,22,8,0.0,5.5,1,1,54,02:25 PM,12:02 AM,06:52 AM,05:10 PM,5,11,11,11,15,36,67,0.0,1017,11,10,237,7
2019-11-05 21:00:00,22,8,0.0,5.5,1,1,54,02:25 PM,12:02 AM,06:52 AM,05:10 PM,5,8,8,8,7,80,80,0.0,1018,8,10,40,3
2019-11-06 00:00:00,20,7,0.0,8.7,1,1,61,02:53 PM,01:01 AM,06:53 AM,05:09 PM,4,8,8,8,10,29,78,0.0,1018,8,10,16,5
2019-11-06 03:00:00,20,7,0.0,8.7,1,1,61,02:53 PM,01:01 AM,06:53 AM,05:09 PM,4,6,7,6,11,13,79,0.0,1018,7,10,13,5
2019-11-06 06:00:00,20,7,0.0,8.7,1,1,61,02:53 PM,01:01 AM,06:53 AM,05:09 PM,4,8,8,8,9,19,76,0.0,1018,8,10,38,4
2019-11-06 09:00:00,20,7,0.0,8.7,1,1,61,02:53 PM,01:01 AM,06:53 AM,05:09 PM,6,13,13,13,8,4,65,0.0,1018,13,10,144,5
2019-11-06 12:00:00,20,7,0.0,8.7,1,1,61,02:53 PM,01:01 AM,06:53 AM,05:09 PM,7,20,20,20,9,4,43,0.0,1017,20,10,341,8
2019-11-06 15:00:00,20,7,0.0,8.7,1,1,61,02:53 PM,01:01 AM,06:53 AM,05:09 PM,6,18,18,18,15,2,45,0.0,1016,18,10,330,10
2019-11-06 18:00:00,20,7,0.0,8.7,1,1,61,02:53 PM,01:01 AM,06:53 AM,05:09 PM,4,13,14,13,15,0,58,0.0,1016,13,10,237,7
2019-11-06 21:00:00,20,7,0.0,8.7,1,1,61,02:53 PM,01:01 AM,06:53 AM,05:09 PM,4,9,11,9,8,1,77,0.0,1016,9,10,47,4
2019-11-07 00:00:00,25,9,0.0,8.7,1,1,69,03:20 PM,01:59 AM,06:54 AM,05:08 PM,2,8,8,8,8,2,65,0.0,1017,8,10,70,4
2019-11-07 03:00:00,25,9,0.0,8.7,1,1,69,03:20 PM,01:59 AM,06:54 AM,05:08 PM,0,9,10,9,12,0,52,0.0,1017,10,10,115,6
2019-11-07 06:00:00,25,9,0.0,8.7,1,1,69,03:20 PM,01:59 AM,06:54 AM,05:08 PM,1,12,12,12,10,0,47,0.0,1018,12,10,136,5
2019-11-07 09:00:00,25,9,0.0,8.7,1,1,69,03:20 PM,01:59 AM,06:54 AM,05:08 PM,2,16,16,16,7,0,40,0.0,1019,16,10,152,4
2019-11-07 12:00:00,25,9,0.0,8.7,1,1,69,03:20 PM,01:59 AM,06:54 AM,05:08 PM,4,24,24,24,5,1,28,0.0,1019,24,10,216,4
2019-11-07 15:00:00,25,9,0.0,8.7,1,1,69,03:20 PM,01:59 AM,06:54 AM,05:08 PM,7,23,23,23,7,6,38,0.0,1018,23,10,286,6
2019-11-07 18:00:00,25,9,0.0,8.7,1,1,69,03:20 PM,01:59 AM,06:54 AM,05:08 PM,10,17,17,17,5,26,66,0.0,1018,17,10,252,3
2019-11-07 21:00:00,25,9,0.0,8.7,1,1,69,03:20 PM,01:59 AM,06:54 AM,05:08 PM,12,14,15,14,3,65,91,0.0,1021,14,10,153,1
2019-11-08 00:00:00,23,10,0.0,8.7,1,1,76,03:45 PM,02:57 AM,06:55 AM,05:07 PM,11,14,13,14,8,77,86,0.0,1022,13,10,137,4
2019-11-08 03:00:00,23,10,0.0,8.7,1,1,76,03:45 PM,02:57 AM,06:55 AM,05:07 PM,9,13,13,13,11,24,78,0.0,1021,13,10,124,5
2019-11-08 06:00:00,23,10,0.0,8.7,1,1,76,03:45 PM,02:57 AM,06:55 AM,05:07 PM,7,13,13,13,9,9,69,0.0,1022,13,10,129,4
2019-11-08 09:00:00,23,10,0.0,8.7,1,1,76,03:45 PM,02:57 AM,06:55 AM,05:07 PM,7,15,16,15,5,3,60,0.0,1023,15,10,168,3
2019-11-08 12:00:00,23,10,0.0,8.7,1,1,76,03:45 PM,02:57 AM,06:55 AM,05:07 PM,9,22,24,22,6,0,43,0.0,1023,22,10,271,5
2019-11-08 15:00:00,23,10,0.0,8.7,1,1,76,03:45 PM,02:57 AM,06:55 AM,05:07 PM,9,20,21,20,10,0,51,0.0,1021,20,10,308,8
2019-11-08 18:00:00,23,10,0.0,8.7,1,1,76,03:45 PM,02:57 AM,06:55 AM,05:07 PM,9,13,13,13,9,0,75,0.0,1022,13,10,244,5
2019-11-08 21:00:00,23,10,0.0,8.7,1,1,76,03:45 PM,02:57 AM,06:55 AM,05:07 PM,9,10,10,10,7,0,89,0.0,1023,10,10,90,3
2019-11-09 00:00:00,21,6,0.0,8.7,1,1,84,04:09 PM,03:56 AM,06:57 AM,05:06 PM,7,10,10,10,10,0,82,0.0,1023,10,10,95,5
2019-11-09 03:00:00,21,6,0.0,8.7,1,1,84,04:09 PM,03:56 AM,06:57 AM,05:06 PM,6,8,8,8,9,0,85,0.0,1022,8,10,76,4
2019-11-09 06:00:00,21,6,0.0,8.7,1,1,84,04:09 PM,03:56 AM,06:57 AM,05:06 PM,5,6,7,6,12,1,89,0.0,1022,7,10,60,6
2019-11-09 09:00:00,21,6,0.0,8.7,1,1,84,04:09 PM,03:56 AM,06:57 AM,05:06 PM,6,12,13,12,9,8,69,0.0,1022,13,10,124,5
2019-11-09 12:00:00,21,6,0.0,8.7,1,1,84,04:09 PM,03:56 AM,06:57 AM,05:06 PM,7,20,20,20,6,20,45,0.0,1022,20,10,349,5
2019-11-09 15:00:00,21,6,0.0,8.7,1,1,84,04:09 PM,03:56 AM,06:57 AM,05:06 PM,8,16,16,16,15,48,58,0.0,1020,16,10,339,11
2019-11-09 18:00:00,21,6,0.0,8.7,1,1,84,04:09 PM,03:56 AM,06:57 AM,05:06 PM,4,11,13,11,15,71,70,0.0,1020,11,10,244,8
2019-11-09 21:00:00,21,6,0.0,8.7,1,1,84,04:09 PM,03:56 AM,06:57 AM,05:06 PM,4,8,11,8,12,20,90,0.0,1021,8,10,27,6
2019-11-10 00:00:00,19,6,0.0,8.7,1,1,91,04:34 PM,04:55 AM,06:58 AM,05:05 PM,3,5,6,5,12,33,81,0.0,1020,6,10,7,5
2019-11-10 03:00:00,19,6,0.0,8.7,1,1,91,04:34 PM,04:55 AM,06:58 AM,05:05 PM,2,5,6,5,11,26,75,0.0,1019,6,10,14,5
2019-11-10 06:00:00,19,6,0.0,8.7,1,1,91,04:34 PM,04:55 AM,06:58 AM,05:05 PM,2,7,8,7,10,10,66,0.0,1020,8,10,17,5
2019-11-10 09:00:00,19,6,0.0,8.7,1,1,91,04:34 PM,04:55 AM,06:58 AM,05:05 PM,5,13,13,13,11,6,59,0.0,1020,13,10,114,6
2019-11-10 12:00:00,19,6,0.0,8.7,1,1,91,04:34 PM,04:55 AM,06:58 AM,05:05 PM,6,19,19,19,11,5,45,0.0,1019,19,10,335,10
2019-11-10 15:00:00,19,6,0.0,8.7,1,1,91,04:34 PM,04:55 AM,06:58 AM,05:05 PM,6,17,17,17,17,4,48,0.0,1018,17,10,335,12
2019-11-10 18:00:00,19,6,0.0,8.7,1,1,91,04:34 PM,04:55 AM,06:58 AM,05:05 PM,3,12,13,12,18,4,59,0.0,1018,12,10,239,9
2019-11-10 21:00:00,19,6,0.0,8.7,1,1,91,04:34 PM,04:55 AM,06:58 AM,05:05 PM,3,9,11,9,9,7,73,0.0,1019,9,10,32,5
2019-11-11 00:00:00,24,8,0.0,5.5,1,1,99,05:02 PM,05:56 AM,06:59 AM,05:04 PM,3,8,9,8,10,15,66,0.0,1019,9,10,51,5
2019-11-11 03:00:00,24,8,0.0,5.5,1,1,99,05:02 PM,05:56 AM,06:59 AM,05:04 PM,2,10,10,10,11,44,55,0.0,1019,10,10,75,5
2019-11-11 06:00:00,24,8,0.0,5.5,1,1,99,05:02 PM,05:56 AM,06:59 AM,05:04 PM,2,12,12,12,10,100,52,0.0,1019,12,10,51,5
2019-11-11 09:00:00,24,8,0.0,5.5,1,1,99,05:02 PM,05:56 AM,06:59 AM,05:04 PM,5,17,16,17,9,72,47,0.0,1019,16,10,146,5
2019-11-11 12:00:00,24,8,0.0,5.5,1,1,99,05:02 PM,05:56 AM,06:59 AM,05:04 PM,6,22,22,22,9,44,36,0.0,1019,22,10,344,8
2019-11-11 15:00:00,24,8,0.0,5.5,1,1,99,05:02 PM,05:56 AM,06:59 AM,05:04 PM,6,22,22,22,13,100,38,0.0,1018,22,10,331,9
2019-11-11 18:00:00,24,8,0.0,5.5,1,1,99,05:02 PM,05:56 AM,06:59 AM,05:04 PM,6,15,16,15,15,69,59,0.0,1018,15,10,229,7
2019-11-11 21:00:00,24,8,0.0,5.5,1,1,99,05:02 PM,05:56 AM,06:59 AM,05:04 PM,6,11,14,11,12,8,72,0.0,1019,11,10,45,5
2019-11-12 00:00:00,21,11,0.0,8.7,1,1,100,05:34 PM,06:57 AM,07:00 AM,05:03 PM,7,10,11,10,11,10,65,0.0,1019,10,10,104,5
2019-11-12 03:00:00,21,11,0.0,8.7,1,1,100,05:34 PM,06:57 AM,07:00 AM,05:03 PM,7,13,12,13,8,13,71,0.0,1019,12,10,63,4
2019-11-12 06:00:00,21,11,0.0,8.7,1,1,100,05:34 PM,06:57 AM,07:00 AM,05:03 PM,7,12,12,12,8,15,72,0.0,1019,12,10,30,4
2019-11-12 09:00:00,21,11,0.0,8.7,1,1,100,05:34 PM,06:57 AM,07:00 AM,05:03 PM,8,15,14,15,7,15,65,0.0,1019,14,10,131,4
2019-11-12 12:00:00,21,11,0.0,8.7,1,1,100,05:34 PM,06:57 AM,07:00 AM,05:03 PM,8,20,21,20,7,14,48,0.0,1019,20,10,330,6
2019-11-12 15:00:00,21,11,0.0,8.7,1,1,100,05:34 PM,06:57 AM,07:00 AM,05:03 PM,9,20,22,20,10,8,50,0.0,1018,20,10,332,8
2019-11-12 18:00:00,21,11,0.0,8.7,1,1,100,05:34 PM,06:57 AM,07:00 AM,05:03 PM,9,16,17,16,11,4,68,0.0,1017,16,10,234,7
2019-11-12 21:00:00,21,11,0.0,8.7,1,1,100,05:34 PM,06:57 AM,07:00 AM,05:03 PM,8,14,16,14,9,5,84,0.0,1017,14,10,37,5
2019-11-13 00:00:00,21,4,0.0,7.1,1,1,86,06:09 PM,08:01 AM,07:01 AM,05:02 PM,7,12,12,12,9,37,73,0.0,1018,12,10,80,4
2019-11-13 03:00:00,21,4,0.0,7.1,1,1,86,06:09 PM,08:01 AM,07:01 AM,05:02 PM,5,13,12,13,10,69,60,0.0,1016,12,10,110,5
2019-11-13 06:00:00,21,4,0.0,7.1,1,1,86,06:09 PM,08:01 AM,07:01 AM,05:02 PM,3,13,13,13,12,38,51,0.0,1016,13,10,119,6
2019-11-13 09:00:00,21,4,0.0,7.1,1,1,86,06:09 PM,08:01 AM,07:01 AM,05:02 PM,3,16,15,16,9,70,44,0.0,1016,15,10,144,5
2019-11-13 12:00:00,21,4,0.0,7.1,1,1,86,06:09 PM,08:01 AM,07:01 AM,05:02 PM,5,21,21,21,5,11,36,0.0,1016,21,10,219,4
2019-11-13 15:00:00,21,4,0.0,7.1,1,1,86,06:09 PM,08:01 AM,07:01 AM,05:02 PM,6,19,20,19,9,8,45,0.0,1014,19,10,292,7
2019-11-13 18:00:00,21,4,0.0,7.1,1,1,86,06:09 PM,08:01 AM,07:01 AM,05:02 PM,5,11,11,11,8,10,66,0.0,1014,11,10,314,4
2019-11-13 21:00:00,21,4,0.0,7.1,1,1,86,06:09 PM,08:01 AM,07:01 AM,05:02 PM,6,7,8,7,3,26,83,0.0,1015,7,10,265,1
2019-11-14 00:00:00,18,9,0.0,8.7,1,1,78,06:51 PM,09:05 AM,07:03 AM,05:01 PM,8,6,8,6,7,47,81,0.0,1016,6,10,177,3
2019-11-14 03:00:00,18,9,0.0,8.7,1,1,78,06:51 PM,09:05 AM,07:03 AM,05:01 PM,9,11,11,11,7,44,86,0.0,1016,11,10,177,3
2019-11-14 06:00:00,18,9,0.0,8.7,1,1,78,06:51 PM,09:05 AM,07:03 AM,05:01 PM,9,10,10,10,5,29,93,0.0,1016,10,7,229,3
2019-11-14 09:00:00,18,9,0.0,8.7,1,1,78,06:51 PM,09:05 AM,07:03 AM,05:01 PM,9,12,12,12,9,14,84,0.0,1017,12,5,153,6
2019-11-14 12:00:00,18,9,0.0,8.7,1,1,78,06:51 PM,09:05 AM,07:03 AM,05:01 PM,10,17,17,17,8,13,61,0.0,1017,17,10,217,6
2019-11-14 15:00:00,18,9,0.0,8.7,1,1,78,06:51 PM,09:05 AM,07:03 AM,05:01 PM,9,17,17,17,7,8,60,0.0,1017,17,10,247,6
2019-11-14 18:00:00,18,9,0.0,8.7,1,1,78,06:51 PM,09:05 AM,07:03 AM,05:01 PM,9,14,15,14,9,13,77,0.0,1018,14,10,195,5
2019-11-14 21:00:00,18,9,0.0,8.7,1,1,78,06:51 PM,09:05 AM,07:03 AM,05:01 PM,8,11,14,11,19,27,94,0.0,1019,12,10,140,10
2019-11-15 00:00:00,18,8,0.0,5.4,1,1,71,07:41 PM,10:07 AM,07:04 AM,05:00 PM,8,8,9,8,19,66,92,0.0,1020,9,10,139,10
2019-11-15 03:00:00,18,8,0.0,5.4,1,1,71,07:41 PM,10:07 AM,07:04 AM,05:00 PM,8,8,10,8,20,97,88,0.0,1020,10,10,137,11
2019-11-15 06:00:00,18,8,0.0,5.4,1,1,71,07:41 PM,10:07 AM,07:04 AM,05:00 PM,8,9,10,9,15,93,86,0.1,1021,10,10,137,8
2019-11-15 09:00:00,18,8,0.0,5.4,1,1,71,07:41 PM,10:07 AM,07:04 AM,05:00 PM,10,13,14,13,7,100,81,0.1,1022,14,7,140,5
2019-11-15 12:00:00,18,8,0.0,5.4,1,1,71,07:41 PM,10:07 AM,07:04 AM,05:00 PM,11,16,16,16,5,87,73,0.1,1023,16,5,200,4
2019-11-15 15:00:00,18,8,0.0,5.4,1,1,71,07:41 PM,10:07 AM,07:04 AM,05:00 PM,10,16,16,16,12,57,70,0.0,1023,16,10,322,9
2019-11-15 18:00:00,18,8,0.0,5.4,1,1,71,07:41 PM,10:07 AM,07:04 AM,05:00 PM,8,10,11,10,14,65,85,0.0,1023,11,7,234,7
2019-11-15 21:00:00,18,8,0.0,5.4,1,1,71,07:41 PM,10:07 AM,07:04 AM,05:00 PM,8,8,9,8,10,100,98,0.0,1024,9,0,25,5
2019-11-16 00:00:00,19,7,0.0,7.0,1,1,63,08:38 PM,11:05 AM,07:05 AM,04:59 PM,8,8,9,8,10,100,98,0.0,1024,9,0,20,5
2019-11-16 03:00:00,19,7,0.0,7.0,1,1,63,08:38 PM,11:05 AM,07:05 AM,04:59 PM,9,8,9,8,12,100,98,0.0,1024,9,0,16,5
2019-11-16 06:00:00,19,7,0.0,7.0,1,1,63,08:38 PM,11:05 AM,07:05 AM,04:59 PM,9,9,9,9,10,100,98,0.0,1023,9,0,28,5
2019-11-16 09:00:00,19,7,0.0,7.0,1,1,63,08:38 PM,11:05 AM,07:05 AM,04:59 PM,9,11,11,11,8,70,89,0.0,1023,11,3,145,5
2019-11-16 12:00:00,19,7,0.0,7.0,1,1,63,08:38 PM,11:05 AM,07:05 AM,04:59 PM,10,17,17,17,9,8,65,0.0,1023,17,10,339,8
2019-11-16 15:00:00,19,7,0.0,7.0,1,1,63,08:38 PM,11:05 AM,07:05 AM,04:59 PM,8,16,16,16,15,5,57,0.0,1022,16,10,336,10
2019-11-16 18:00:00,19,7,0.0,7.0,1,1,63,08:38 PM,11:05 AM,07:05 AM,04:59 PM,5,9,10,9,17,2,75,0.0,1022,10,10,237,8
2019-11-16 21:00:00,19,7,0.0,7.0,1,1,63,08:38 PM,11:05 AM,07:05 AM,04:59 PM,5,6,7,6,10,1,88,0.0,1022,7,10,22,5
2019-11-17 00:00:00,20,6,0.0,8.7,1,1,56,09:42 PM,11:57 AM,07:06 AM,04:59 PM,4,6,7,6,10,0,86,0.0,1022,7,10,28,5
2019-11-17 03:00:00,20,6,0.0,8.7,1,1,56,09:42 PM,11:57 AM,07:06 AM,04:59 PM,3,6,7,6,10,0,80,0.0,1021,7,10,29,5
2019-11-17 06:00:00,20,6,0.0,8.7,1,1,56,09:42 PM,11:57 AM,07:06 AM,04:59 PM,3,8,8,8,11,0,69,0.0,1021,8,10,11,5
2019-11-17 09:00:00,20,6,0.0,8.7,1,1,56,09:42 PM,11:57 AM,07:06 AM,04:59 PM,5,13,13,13,9,0,58,0.0,1022,13,10,127,5
2019-11-17 12:00:00,20,6,0.0,8.7,1,1,56,09:42 PM,11:57 AM,07:06 AM,04:59 PM,4,18,18,18,11,0,40,0.0,1021,18,10,341,10
2019-11-17 15:00:00,20,6,0.0,8.7,1,1,56,09:42 PM,11:57 AM,07:06 AM,04:59 PM,4,18,18,18,18,0,41,0.0,1019,18,10,337,13
2019-11-17 18:00:00,20,6,0.0,8.7,1,1,56,09:42 PM,11:57 AM,07:06 AM,04:59 PM,3,11,12,11,19,0,57,0.0,1018,11,10,236,9
2019-11-17 21:00:00,20,6,0.0,8.7,1,1,56,09:42 PM,11:57 AM,07:06 AM,04:59 PM,3,8,10,8,11,0,75,0.0,1018,8,10,19,5
2019-11-18 00:00:00,21,6,0.0,8.7,1,1,48,10:50 PM,12:43 PM,07:07 AM,04:58 PM,5,8,8,8,10,0,83,0.0,1018,8,10,23,5
2019-11-18 03:00:00,21,6,0.0,8.7,1,1,48,10:50 PM,12:43 PM,07:07 AM,04:58 PM,6,9,9,9,8,0,82,0.0,1018,9,10,20,4
2019-11-18 06:00:00,21,6,0.0,8.7,1,1,48,10:50 PM,12:43 PM,07:07 AM,04:58 PM,7,9,9,9,9,0,84,0.0,1017,9,10,22,4
2019-11-18 09:00:00,21,6,0.0,8.7,1,1,48,10:50 PM,12:43 PM,07:07 AM,04:58 PM,10,15,15,15,7,0,76,0.0,1017,15,10,158,4
2019-11-18 12:00:00,21,6,0.0,8.7,1,1,48,10:50 PM,12:43 PM,07:07 AM,04:58 PM,11,20,21,20,7,3,55,0.0,1017,20,10,334,6
2019-11-18 15:00:00,21,6,0.0,8.7,1,1,48,10:50 PM,12:43 PM,07:07 AM,04:58 PM,10,18,20,18,12,9,59,0.0,1015,18,10,326,9
2019-11-18 18:00:00,21,6,0.0,8.7,1,1,48,10:50 PM,12:43 PM,07:07 AM,04:58 PM,8,11,11,11,12,39,78,0.0,1014,11,10,339,5
2019-11-18 21:00:00,21,6,0.0,8.7,1,1,48,10:50 PM,12:43 PM,07:07 AM,04:58 PM,8,8,9,8,8,99,89,0.0,1013,8,10,338,4
2019-11-19 00:00:00,14,-1,0.0,3.6,1,1,41,No moonrise,01:23 PM,07:08 AM,04:57 PM,9,6,8,6,17,87,95,0.1,1013,7,8,313,8
2019-11-19 03:00:00,14,-1,0.0,3.6,1,1,41,No moonrise,01:23 PM,07:08 AM,04:57 PM,7,6,7,6,15,64,96,0.2,1012,7,7,226,7
2019-11-19 06:00:00,14,-1,0.0,3.6,1,1,41,No moonrise,01:23 PM,07:08 AM,04:57 PM,6,7,7,7,5,76,95,0.2,1011,7,10,106,3
2019-11-19 09:00:00,14,-1,0.0,3.6,1,1,41,No moonrise,01:23 PM,07:08 AM,04:57 PM,9,11,11,11,3,100,92,0.3,1011,11,10,288,2
2019-11-19 12:00:00,14,-1,0.0,3.6,1,1,41,No moonrise,01:23 PM,07:08 AM,04:57 PM,11,12,13,12,12,93,87,0.6,1011,13,10,321,10
2019-11-19 15:00:00,14,-1,0.0,3.6,1,1,41,No moonrise,01:23 PM,07:08 AM,04:57 PM,9,9,12,9,31,86,83,0.7,1010,12,10,330,19
2019-11-19 18:00:00,14,-1,0.0,3.6,1,1,41,No moonrise,01:23 PM,07:08 AM,04:57 PM,4,3,6,3,53,93,83,0.6,1009,5,10,343,25
2019-11-19 21:00:00,14,-1,0.0,3.6,1,1,41,No moonrise,01:23 PM,07:08 AM,04:57 PM,3,2,5,2,51,77,80,0.1,1009,2,10,349,24
2019-11-20 00:00:00,15,1,0.0,8.7,1,1,33,12:01 AM,01:58 PM,07:10 AM,04:56 PM,2,-0,3,-0,36,51,85,0.1,1010,1,10,350,17
2019-11-20 03:00:00,15,1,0.0,8.7,1,1,33,12:01 AM,01:58 PM,07:10 AM,04:56 PM,1,0,2,0,18,4,91,0.0,1010,2,7,241,9
2019-11-20 06:00:00,15,1,0.0,8.7,1,1,33,12:01 AM,01:58 PM,07:10 AM,04:56 PM,1,1,2,1,13,0,93,0.0,1009,2,5,27,6
2019-11-20 09:00:00,15,1,0.0,8.7,1,1,33,12:01 AM,01:58 PM,07:10 AM,04:56 PM,3,6,7,6,13,0,80,0.0,1009,7,10,146,7
2019-11-20 12:00:00,15,1,0.0,8.7,1,1,33,12:01 AM,01:58 PM,07:10 AM,04:56 PM,4,12,13,12,13,0,54,0.0,1007,13,10,348,12
2019-11-20 15:00:00,15,1,0.0,8.7,1,1,33,12:01 AM,01:58 PM,07:10 AM,04:56 PM,3,11,13,11,21,0,51,0.0,1005,13,10,340,15
2019-11-20 18:00:00,15,1,0.0,8.7,1,1,33,12:01 AM,01:58 PM,07:10 AM,04:56 PM,1,7,9,7,21,0,68,0.0,1005,8,10,259,10
2019-11-20 21:00:00,15,1,0.0,8.7,1,1,33,12:01 AM,01:58 PM,07:10 AM,04:56 PM,0,5,8,5,12,0,80,0.0,1006,6,10,98,6
2019-11-21 00:00:00,18,4,0.0,8.7,1,1,26,01:12 AM,02:30 PM,07:11 AM,04:56 PM,-3,2,4,2,15,0,60,0.0,1008,4,10,98,7
2019-11-21 03:00:00,18,4,0.0,8.7,1,1,26,01:12 AM,02:30 PM,07:11 AM,04:56 PM,-5,1,4,1,20,0,54,0.0,1008,4,10,98,9
2019-11-21 06:00:00,18,4,0.0,8.7,1,1,26,01:12 AM,02:30 PM,07:11 AM,04:56 PM,-3,3,5,3,21,1,54,0.0,1010,5,10,122,10
2019-11-21 09:00:00,18,4,0.0,8.7,1,1,26,01:12 AM,02:30 PM,07:11 AM,04:56 PM,-0,10,11,10,13,2,48,0.0,1010,11,10,145,7
2019-11-21 12:00:00,18,4,0.0,8.7,1,1,26,01:12 AM,02:30 PM,07:11 AM,04:56 PM,1,17,17,17,5,2,34,0.0,1011,17,10,212,4
2019-11-21 15:00:00,18,4,0.0,8.7,1,1,26,01:12 AM,02:30 PM,07:11 AM,04:56 PM,2,16,16,16,8,2,39,0.0,1011,16,10,300,5
2019-11-21 18:00:00,18,4,0.0,8.7,1,1,26,01:12 AM,02:30 PM,07:11 AM,04:56 PM,1,10,11,10,9,2,63,0.0,1013,10,10,276,4
2019-11-21 21:00:00,18,4,0.0,8.7,1,1,26,01:12 AM,02:30 PM,07:11 AM,04:56 PM,3,8,12,8,9,3,91,0.0,1016,8,10,130,5
2019-11-22 00:00:00,16,4,0.0,8.7,1,1,18,02:24 AM,03:01 PM,07:12 AM,04:55 PM,1,5,8,5,11,4,86,0.0,1019,6,10,113,5
2019-11-22 03:00:00,16,4,0.0,8.7,1,1,18,02:24 AM,03:01 PM,07:12 AM,04:55 PM,1,2,4,2,12,4,80,0.0,1020,4,10,119,6
2019-11-22 06:00:00,16,4,0.0,8.7,1,1,18,02:24 AM,03:01 PM,07:12 AM,04:55 PM,0,3,5,3,12,4,74,0.0,1021,5,10,125,6
2019-11-22 09:00:00,16,4,0.0,8.7,1,1,18,02:24 AM,03:01 PM,07:12 AM,04:55 PM,2,9,9,9,8,3,62,0.0,1022,9,10,96,4
2019-11-22 12:00:00,16,4,0.0,8.7,1,1,18,02:24 AM,03:01 PM,07:12 AM,04:55 PM,2,15,15,15,4,2,41,0.0,1023,15,10,121,4
2019-11-22 15:00:00,16,4,0.0,8.7,1,1,18,02:24 AM,03:01 PM,07:12 AM,04:55 PM,2,14,14,14,11,1,47,0.0,1021,14,10,320,8
2019-11-22 18:00:00,16,4,0.0,8.7,1,1,18,02:24 AM,03:01 PM,07:12 AM,04:55 PM,3,8,10,8,13,5,73,0.0,1022,9,10,231,7
2019-11-22 21:00:00,16,4,0.0,8.7,1,1,18,02:24 AM,03:01 PM,07:12 AM,04:55 PM,3,7,10,7,10,6,89,0.0,1024,7,10,58,5
2019-11-23 00:00:00,17,5,0.0,8.7,1,1,10,03:36 AM,03:32 PM,07:13 AM,04:55 PM,3,6,6,6,10,6,79,0.0,1025,6,10,81,5
2019-11-23 03:00:00,17,5,0.0,8.7,1,1,10,03:36 AM,03:32 PM,07:13 AM,04:55 PM,2,6,6,6,9,5,76,0.0,1025,6,10,61,4
2019-11-23 06:00:00,17,5,0.0,8.7,1,1,10,03:36 AM,03:32 PM,07:13 AM,04:55 PM,2,6,6,6,12,4,74,0.0,1025,6,10,101,6
2019-11-23 09:00:00,17,5,0.0,8.7,1,1,10,03:36 AM,03:32 PM,07:13 AM,04:55 PM,3,10,10,10,8,2,63,0.0,1025,10,10,184,4
2019-11-23 12:00:00,17,5,0.0,8.7,1,1,10,03:36 AM,03:32 PM,07:13 AM,04:55 PM,4,17,17,17,8,5,42,0.0,1025,17,10,342,6
2019-11-23 15:00:00,17,5,0.0,8.7,1,1,10,03:36 AM,03:32 PM,07:13 AM,04:55 PM,4,15,16,15,13,12,46,0.0,1023,16,10,329,12
2019-11-23 18:00:00,17,5,0.0,8.7,1,1,10,03:36 AM,03:32 PM,07:13 AM,04:55 PM,3,11,12,11,12,9,64,0.0,1023,11,10,238,9
2019-11-23 21:00:00,17,5,0.0,8.7,1,1,10,03:36 AM,03:32 PM,07:13 AM,04:55 PM,2,7,10,7,8,12,81,0.0,1024,8,10,41,4
2019-11-24 00:00:00,17,4,0.0,7.0,1,1,3,04:48 AM,04:03 PM,07:14 AM,04:54 PM,3,5,5,5,8,6,84,0.0,1024,5,10,44,4
2019-11-24 03:00:00,17,4,0.0,7.0,1,1,3,04:48 AM,04:03 PM,07:14 AM,04:54 PM,3,5,5,5,7,15,88,0.0,1024,5,10,49,3
2019-11-24 06:00:00,17,4,0.0,7.0,1,1,3,04:48 AM,04:03 PM,07:14 AM,04:54 PM,3,6,6,6,7,46,85,0.0,1024,6,10,34,4
2019-11-24 09:00:00,17,4,0.0,7.0,1,1,3,04:48 AM,04:03 PM,07:14 AM,04:54 PM,4,9,9,9,7,71,72,0.0,1024,9,10,123,5
2019-11-24 12:00:00,17,4,0.0,7.0,1,1,3,04:48 AM,04:03 PM,07:14 AM,04:54 PM,4,14,14,14,10,12,51,0.0,1024,14,10,331,9
2019-11-24 15:00:00,17,4,0.0,7.0,1,1,3,04:48 AM,04:03 PM,07:14 AM,04:54 PM,3,13,14,13,17,9,51,0.0,1022,14,10,337,12
2019-11-24 18:00:00,17,4,0.0,7.0,1,1,3,04:48 AM,04:03 PM,07:14 AM,04:54 PM,3,5,7,5,23,22,78,0.0,1022,7,7,346,11
2019-11-24 21:00:00,17,4,0.0,7.0,1,1,3,04:48 AM,04:03 PM,07:14 AM,04:54 PM,4,2,5,2,21,25,93,0.0,1023,5,5,341,10
2019-11-25 00:00:00,11,2,0.0,8.7,1,1,0,06:01 AM,04:39 PM,07:15 AM,04:54 PM,2,1,4,1,28,11,89,0.0,1024,4,10,344,13
2019-11-25 03:00:00,11,2,0.0,8.7,1,1,0,06:01 AM,04:39 PM,07:15 AM,04:54 PM,1,-1,3,-1,39,17,85,0.0,1024,3,10,350,18
2019-11-25 06:00:00,11,2,0.0,8.7,1,1,0,06:01 AM,04:39 PM,07:15 AM,04:54 PM,1,0,4,0,33,4,84,0.0,1025,4,10,354,17
2019-11-25 09:00:00,11,2,0.0,8.7,1,1,0,06:01 AM,04:39 PM,07:15 AM,04:54 PM,4,5,7,5,24,12,78,0.0,1025,7,10,354,18
2019-11-25 12:00:00,11,2,0.0,8.7,1,1,0,06:01 AM,04:39 PM,07:15 AM,04:54 PM,3,8,11,8,28,14,60,0.0,1024,11,10,345,24
2019-11-25 15:00:00,11,2,0.0,8.7,1,1,0,06:01 AM,04:39 PM,07:15 AM,04:54 PM,2,6,9,6,38,7,59,0.0,1023,9,10,341,27
2019-11-25 18:00:00,11,2,0.0,8.7,1,1,0,06:01 AM,04:39 PM,07:15 AM,04:54 PM,-0,0,4,0,42,14,74,0.0,1023,4,10,345,21
2019-11-25 21:00:00,11,2,0.0,8.7,1,1,0,06:01 AM,04:39 PM,07:15 AM,04:54 PM,0,-2,2,-2,27,26,87,0.0,1024,2,10,351,13
2019-11-26 00:00:00,7,-4,0.0,3.5,1,1,0,07:13 AM,05:19 PM,07:16 AM,04:53 PM,-0,-2,1,-2,19,46,91,0.0,1024,1,7,247,9
2019-11-26 03:00:00,7,-4,0.0,3.5,1,1,0,07:13 AM,05:19 PM,07:16 AM,04:53 PM,-1,-2,-1,-2,9,71,95,0.1,1021,-1,2,58,4
2019-11-26 06:00:00,7,-4,0.0,3.5,1,1,0,07:13 AM,05:19 PM,07:16 AM,04:53 PM,-0,-1,1,-1,11,71,94,0.1,1020,1,5,116,6
2019-11-26 09:00:00,7,-4,0.0,3.5,1,1,0,07:13 AM,05:19 PM,07:16 AM,04:53 PM,2,2,4,2,13,74,84,0.0,1018,4,10,136,9
2019-11-26 12:00:00,7,-4,0.0,3.5,1,1,0,07:13 AM,05:19 PM,07:16 AM,04:53 PM,3,4,6,4,16,100,76,0.7,1012,6,10,153,14
2019-11-26 15:00:00,7,-4,0.0,3.5,1,1,0,07:13 AM,05:19 PM,07:16 AM,04:53 PM,3,0,4,0,25,100,93,8.5,1002,4,8,155,19
2019-11-26 18:00:00,7,-4,0.0,3.5,1,1,0,07:13 AM,05:19 PM,07:16 AM,04:53 PM,3,-1,2,-1,31,100,96,15.5,992,1,6,177,17
2019-11-26 21:00:00,7,-4,0.0,3.5,1,1,0,07:13 AM,05:19 PM,07:16 AM,04:53 PM,4,-4,-1,-4,46,100,94,4.8,988,-4,6,235,28
2019-11-27 00:00:00,7,-0,0.0,3.5,1,1,0,08:21 AM,06:04 PM,07:17 AM,04:53 PM,3,-6,-3,-6,39,100,93,5.7,990,-4,6,296,25
2019-11-27 03:00:00,7,-0,0.0,3.5,1,1,0,08:21 AM,06:04 PM,07:17 AM,04:53 PM,3,-1,4,-1,36,100,92,1.7,993,4,7,309,22
2019-11-27 06:00:00,7,-0,0.0,3.5,1,1,0,08:21 AM,06:04 PM,07:17 AM,04:53 PM,3,1,4,1,23,100,93,1.3,996,4,4,315,16
2019-11-27 09:00:00,7,-0,0.0,3.5,1,1,0,08:21 AM,06:04 PM,07:17 AM,04:53 PM,4,2,5,2,17,100,92,1.8,997,5,8,312,12
2019-11-27 12:00:00,7,-0,0.0,3.5,1,1,0,08:21 AM,06:04 PM,07:17 AM,04:53 PM,4,4,6,4,14,96,92,0.7,998,6,10,315,9
2019-11-27 15:00:00,7,-0,0.0,3.5,1,1,0,08:21 AM,06:04 PM,07:17 AM,04:53 PM,4,5,6,5,6,94,86,3.6,999,6,7,216,4
2019-11-27 18:00:00,7,-0,0.0,3.5,1,1,0,08:21 AM,06:04 PM,07:17 AM,04:53 PM,1,1,2,1,11,82,91,3.4,999,2,8,122,5
2019-11-27 21:00:00,7,-0,0.0,3.5,1,1,0,08:21 AM,06:04 PM,07:17 AM,04:53 PM,-1,-2,0,-2,15,81,92,0.2,1000,0,9,121,7
2019-11-28 00:00:00,10,-2,0.0,8.7,1,1,4,09:25 AM,06:55 PM,07:18 AM,04:52 PM,-2,-3,-0,-3,15,56,92,0.1,1002,-0,10,117,8
2019-11-28 03:00:00,10,-2,0.0,8.7,1,1,4,09:25 AM,06:55 PM,07:18 AM,04:52 PM,-2,-3,-1,-3,15,7,91,0.0,1003,-1,10,115,7
2019-11-28 06:00:00,10,-2,0.0,8.7,1,1,4,09:25 AM,06:55 PM,07:18 AM,04:52 PM,-2,-4,-1,-4,15,7,90,0.0,1004,-1,10,116,7
2019-11-28 09:00:00,10,-2,0.0,8.7,1,1,4,09:25 AM,06:55 PM,07:18 AM,04:52 PM,-1,-0,2,-0,12,4,83,0.0,1005,2,10,113,6
2019-11-28 12:00:00,10,-2,0.0,8.7,1,1,4,09:25 AM,06:55 PM,07:18 AM,04:52 PM,0,7,7,7,5,4,62,0.0,1005,7,10,184,5
2019-11-28 15:00:00,10,-2,0.0,8.7,1,1,4,09:25 AM,06:55 PM,07:18 AM,04:52 PM,-2,7,8,7,10,8,50,0.0,1004,8,10,336,7
2019-11-28 18:00:00,10,-2,0.0,8.7,1,1,4,09:25 AM,06:55 PM,07:18 AM,04:52 PM,-3,0,2,0,14,10,73,0.0,1005,2,10,233,8
2019-11-28 21:00:00,10,-2,0.0,8.7,1,1,4,09:25 AM,06:55 PM,07:18 AM,04:52 PM,-2,-3,-1,-3,9,8,94,0.0,1006,-1,7,46,4
2019-11-29 00:00:00,10,-3,0.0,8.7,1,1,12,10:21 AM,07:51 PM,07:19 AM,04:52 PM,-3,-3,-2,-3,8,9,93,0.0,1006,-2,5,92,4
2019-11-29 03:00:00,10,-3,0.0,8.7,1,1,12,10:21 AM,07:51 PM,07:19 AM,04:52 PM,-3,-4,-2,-4,9,7,92,0.0,1006,-2,10,113,4
2019-11-29 06:00:00,10,-3,0.0,8.7,1,1,12,10:21 AM,07:51 PM,07:19 AM,04:52 PM,-3,-4,-2,-4,11,5,92,0.0,1007,-2,10,116,5
2019-11-29 09:00:00,10,-3,0.0,8.7,1,1,12,10:21 AM,07:51 PM,07:19 AM,04:52 PM,0,2,3,2,9,8,81,0.0,1009,3,10,141,5
2019-11-29 12:00:00,10,-3,0.0,8.7,1,1,12,10:21 AM,07:51 PM,07:19 AM,04:52 PM,1,8,9,8,4,9,58,0.0,1010,9,10,212,3
2019-11-29 15:00:00,10,-3,0.0,8.7,1,1,12,10:21 AM,07:51 PM,07:19 AM,04:52 PM,-1,7,8,7,9,3,56,0.0,1010,8,10,287,6
2019-11-29 18:00:00,10,-3,0.0,8.7,1,1,12,10:21 AM,07:51 PM,07:19 AM,04:52 PM,-2,1,2,1,13,13,76,0.0,1012,2,7,222,6
2019-11-29 21:00:00,10,-3,0.0,8.7,1,1,12,10:21 AM,07:51 PM,07:19 AM,04:52 PM,-2,-3,-1,-3,15,26,93,0.0,1014,-1,5,123,7
2019-11-30 00:00:00,7,-4,0.0,3.5,1,1,20,11:10 AM,08:49 PM,07:21 AM,04:52 PM,-3,-5,-2,-5,19,10,89,0.0,1015,-2,10,131,9
2019-11-30 03:00:00,7,-4,0.0,3.5,1,1,20,11:10 AM,08:49 PM,07:21 AM,04:52 PM,-5,-6,-2,-6,23,26,82,0.0,1015,-2,10,116,11
2019-11-30 06:00:00,7,-4,0.0,3.5,1,1,20,11:10 AM,08:49 PM,07:21 AM,04:52 PM,-4,-4,0,-4,22,67,75,0.0,1015,0,10,119,12
2019-11-30 09:00:00,7,-4,0.0,3.5,1,1,20,11:10 AM,08:49 PM,07:21 AM,04:52 PM,-0,1,4,1,18,85,72,0.1,1014,4,8,115,13
2019-11-30 12:00:00,7,-4,0.0,3.5,1,1,20,11:10 AM,08:49 PM,07:21 AM,04:52 PM,2,4,6,4,17,62,73,0.2,1012,6,7,112,14
2019-11-30 15:00:00,7,-4,0.0,3.5,1,1,20,11:10 AM,08:49 PM,07:21 AM,04:52 PM,1,2,5,2,25,66,75,0.6,1009,5,10,112,16
2019-11-30 18:00:00,7,-4,0.0,3.5,1,1,20,11:10 AM,08:49 PM,07:21 AM,04:52 PM,1,-2,3,-2,36,63,85,1.4,1007,1,9,110,19
2019-11-30 21:00:00,7,-4,0.0,3.5,1,1,20,11:10 AM,08:49 PM,07:21 AM,04:52 PM,3,-2,2,-2,26,90,90,2.0,1007,-2,8,110,17
2019-12-01 00:00:00,15,3,0.0,5.2,1,1,26,11:51 AM,09:49 PM,07:22 AM,04:51 PM,3,-3,1,-3,24,88,94,3.9,1008,-1,7,116,14
2019-12-01 03:00:00,15,3,0.0,5.2,1,1,26,11:51 AM,09:49 PM,07:22 AM,04:51 PM,2,-0,4,-0,33,71,92,2.6,1008,4,9,123,17
2019-12-01 06:00:00,15,3,0.0,5.2,1,1,26,11:51 AM,09:49 PM,07:22 AM,04:51 PM,4,1,5,1,29,73,92,1.2,1009,5,10,124,15
2019-12-01 09:00:00,15,3,0.0,5.2,1,1,26,11:51 AM,09:49 PM,07:22 AM,04:51 PM,7,7,9,7,23,83,88,0.1,1009,9,10,130,15
2019-12-01 12:00:00,15,3,0.0,5.2,1,1,26,11:51 AM,09:49 PM,07:22 AM,04:51 PM,9,12,13,12,19,68,75,0.2,1010,13,10,143,17
2019-12-01 15:00:00,15,3,0.0,5.2,1,1,26,11:51 AM,09:49 PM,07:22 AM,04:51 PM,9,12,14,12,21,55,71,0.4,1009,14,10,142,16
2019-12-01 18:00:00,15,3,0.0,5.2,1,1,26,11:51 AM,09:49 PM,07:22 AM,04:51 PM,7,8,10,8,23,37,82,0.4,1010,10,10,122,13
2019-12-01 21:00:00,15,3,0.0,5.2,1,1,26,11:51 AM,09:49 PM,07:22 AM,04:51 PM,5,4,7,4,25,17,88,0.0,1012,6,10,111,13
2019-12-02 00:00:00,16,7,0.0,5.2,1,1,33,12:25 PM,10:48 PM,07:23 AM,04:51 PM,5,4,7,4,24,56,87,0.0,1013,5,10,113,12
2019-12-02 03:00:00,16,7,0.0,5.2,1,1,33,12:25 PM,10:48 PM,07:23 AM,04:51 PM,5,5,7,5,24,86,84,0.0,1014,7,10,117,12
2019-12-02 06:00:00,16,7,0.0,5.2,1,1,33,12:25 PM,10:48 PM,07:23 AM,04:51 PM,6,7,9,7,19,72,86,0.4,1014,9,10,117,11
2019-12-02 09:00:00,16,7,0.0,5.2,1,1,33,12:25 PM,10:48 PM,07:23 AM,04:51 PM,8,9,10,9,17,90,90,1.1,1015,10,9,110,11
2019-12-02 12:00:00,16,7,0.0,5.2,1,1,33,12:25 PM,10:48 PM,07:23 AM,04:51 PM,10,13,14,13,12,62,77,0.8,1017,14,9,109,10
2019-12-02 15:00:00,16,7,0.0,5.2,1,1,33,12:25 PM,10:48 PM,07:23 AM,04:51 PM,9,15,15,15,10,41,67,0.0,1017,15,10,97,7
2019-12-02 18:00:00,16,7,0.0,5.2,1,1,33,12:25 PM,10:48 PM,07:23 AM,04:51 PM,7,10,11,10,16,40,76,0.0,1018,11,10,98,8
2019-12-02 21:00:00,16,7,0.0,5.2,1,1,33,12:25 PM,10:48 PM,07:23 AM,04:51 PM,6,7,9,7,20,58,82,0.0,1020,9,10,101,9
